01101,"060  ","0600000","ホッカイドウ","サッポロシチュウオウク","イカニケイサイガナイバアイ","北海道","札幌市中央区","以下に掲載がない場合",0,0,0,0,0,0
01101,"064  ","0640941","ホッカイドウ","サッポロシチュウオウク","アサヒガオカ","北海道","札幌市中央区","旭ケ丘",0,0,1,0,0,0
01101,"060  ","0600041","ホッカイドウ","サッポロシチュウオウク","オオドオリヒガシ","北海道","札幌市中央区","大通東",0,0,1,0,0,0
01101,"060  ","0600042","ホッカイドウ","サッポロシチュウオウク","オオドオリニシ(1-19チョウメ)","北海道","札幌市中央区","大通西（１〜１９丁目）",1,0,1,0,0,0
01101,"064  ","0640820","ホッカイドウ","サッポロシチュウオウク","オオドオリニシ(20-28チョウメ)","北海道","札幌市中央区","大通西（２０〜２８丁目）",1,0,1,0,0,0
01101,"060  ","0600031","ホッカイドウ","サッポロシチュウオウク","キタ1ジョウヒガシ","北海道","札幌市中央区","北一条東",0,0,1,0,0,0
01101,"060  ","0600001","ホッカイドウ","サッポロシチュウオウク","キタ1ジョウニシ(1-19チョウメ)","北海道","札幌市中央区","北一条西（１〜１９丁目）",1,0,1,0,0,0
01101,"064  ","0640821","ホッカイドウ","サッポロシチュウオウク","キタ1ジョウニシ(20-28チョウメ)","北海道","札幌市中央区","北一条西（２０〜２８丁目）",1,0,1,0,0,0
01101,"060  ","0600032","ホッカイドウ","サッポロシチュウオウク","キタ2ジョウヒガシ","北海道","札幌市中央区","北二条東",0,0,1,0,0,0
01101,"060  ","0600002","ホッカイドウ","サッポロシチュウオウク","キタ2ジョウニシ(1-19チョウメ)","北海道","札幌市中央区","北二条西（１〜１９丁目）",1,0,1,0,0,0
01101,"064  ","0640822","ホッカイドウ","サッポロシチュウオウク","キタ2ジョウニシ(20-28チョウメ)","北海道","札幌市中央区","北二条西（２０〜２８丁目）",1,0,1,0,0,0
01101,"060  ","0600033","ホッカイドウ","サッポロシチュウオウク","キタ3ジョウヒガシ","北海道","札幌市中央区","北三条東",0,0,1,0,0,0
01101,"060  ","0600003","ホッカイドウ","サッポロシチュウオウク","キタ3ジョウニシ(1-19チョウメ)","北海道","札幌市中央区","北三条西（１〜１９丁目）",1,0,1,0,0,0
01101,"064  ","0640823","ホッカイドウ","サッポロシチュウオウク","キタ3ジョウニシ(20-30チョウメ)","北海道","札幌市中央区","北三条西（２０〜３０丁目）",1,0,1,0,0,0
01101,"060  ","0600034","ホッカイドウ","サッポロシチュウオウク","キタ4ジョウヒガシ(1-8チョウメ)","北海道","札幌市中央区","北四条東（１〜８丁目）",1,0,1,0,0,0
01101,"060  ","0600004","ホッカイドウ","サッポロシチュウオウク","キタ4ジョウニシ(1-19チョウメ)","北海道","札幌市中央区","北四条西（１〜１９丁目）",1,0,1,0,0,0
01101,"064  ","0640824","ホッカイドウ","サッポロシチュウオウク","キタ4ジョウニシ(20-30チョウメ)","北海道","札幌市中央区","北四条西（２０〜３０丁目）",1,0,1,0,0,0
01101,"060  ","0600035","ホッカイドウ","サッポロシチュウオウク","キタ5ジョウヒガシ","北海道","札幌市中央区","北五条東",0,0,1,0,0,0
01101,"060  ","0600005","ホッカイドウ","サッポロシチュウオウク","キタ5ジョウニシ(1-24チョウメ)","北海道","札幌市中央区","北五条西（１〜２４丁目）",1,0,1,0,0,0
01101,"064  ","0640825","ホッカイドウ","サッポロシチュウオウク","キタ5ジョウニシ(25-29チョウメ)","北海道","札幌市中央区","北五条西（２５〜２９丁目）",1,0,1,0,0,0
01101,"060  ","0600006","ホッカイドウ","サッポロシチュウオウク","キタ6ジョウニシ(10-25チョウメ)","北海道","札幌市中央区","北六条西（１０〜２５丁目）",1,0,1,0,0,0
01101,"064  ","0640826","ホッカイドウ","サッポロシチュウオウク","キタ6ジョウニシ(26-28チョウメ)","北海道","札幌市中央区","北六条西（２６〜２８丁目）",1,0,1,0,0,0
01101,"060  ","0600007","ホッカイドウ","サッポロシチュウオウク","キタ7ジョウニシ","北海道","札幌市中央区","北七条西",0,0,1,0,0,0
01101,"060  ","0600008","ホッカイドウ","サッポロシチュウオウク","キタ8ジョウニシ","北海道","札幌市中央区","北八条西",0,0,1,0,0,0
01101,"060  ","0600009","ホッカイドウ","サッポロシチュウオウク","キタ9ジョウニシ","北海道","札幌市中央区","北九条西",0,0,1,0,0,0
01101,"060  ","0600010","ホッカイドウ","サッポロシチュウオウク","キタ10ジョウニシ","北海道","札幌市中央区","北十条西",0,0,1,0,0,0
01101,"060  ","0600011","ホッカイドウ","サッポロシチュウオウク","キタ11ジョウニシ","北海道","札幌市中央区","北十一条西",0,0,1,0,0,0
01101,"060  ","0600012","ホッカイドウ","サッポロシチュウオウク","キタ12ジョウニシ","北海道","札幌市中央区","北十二条西",0,0,1,0,0,0
01101,"060  ","0600013","ホッカイドウ","サッポロシチュウオウク","キタ13ジョウニシ","北海道","札幌市中央区","北十三条西",0,0,1,0,0,0
01101,"060  ","0600014","ホッカイドウ","サッポロシチュウオウク","キタ14ジョウニシ","北海道","札幌市中央区","北十四条西",0,0,1,0,0,0
01101,"060  ","0600015","ホッカイドウ","サッポロシチュウオウク","キタ15ジョウニシ","北海道","札幌市中央区","北十五条西",0,0,1,0,0,0
01101,"060  ","0600016","ホッカイドウ","サッポロシチュウオウク","キタ16ジョウニシ","北海道","札幌市中央区","北十六条西",0,0,1,0,0,0
01101,"060  ","0600017","ホッカイドウ","サッポロシチュウオウク","キタ17ジョウニシ","北海道","札幌市中央区","北十七条西",0,0,1,0,0,0
01101,"060  ","0600018","ホッカイドウ","サッポロシチュウオウク","キタ18ジョウニシ","北海道","札幌市中央区","北十八条西",0,0,1,0,0,0
01101,"060  ","0600020","ホッカイドウ","サッポロシチュウオウク","キタ20ジョウニシ","北海道","札幌市中央区","北二十条西",0,0,1,0,0,0
01101,"060  ","0600021","ホッカイドウ","サッポロシチュウオウク","キタ21ジョウニシ","北海道","札幌市中央区","北二十一条西",0,0,1,0,0,0
01101,"060  ","0600022","ホッカイドウ","サッポロシチュウオウク","キタ22ジョウニシ","北海道","札幌市中央区","北二十二条西",0,0,1,0,0,0
01101,"064  ","0640943","ホッカイドウ","サッポロシチュウオウク","サカイガワ","北海道","札幌市中央区","界川",0,0,1,0,0,0
01101,"064  ","0640931","ホッカイドウ","サッポロシチュウオウク","ナカジマコウエン","北海道","札幌市中央区","中島公園",0,0,0,0,0,0
01101,"064  ","0640945","ホッカイドウ","サッポロシチュウオウク","バンケイ","北海道","札幌市中央区","盤渓",0,0,0,0,0,0
01101,"064  ","0640942","ホッカイドウ","サッポロシチュウオウク","フシミ","北海道","札幌市中央区","伏見",0,0,1,0,0,0
01101,"064  ","0640946","ホッカイドウ","サッポロシチュウオウク","フタゴヤマ","北海道","札幌市中央区","双子山",0,0,1,0,0,0
01101,"064  ","0640944","ホッカイドウ","サッポロシチュウオウク","マルヤマニシマチ","北海道","札幌市中央区","円山西町",0,0,1,0,0,0
01101,"060  ","0600051","ホッカイドウ","サッポロシチュウオウク","ミナミ1ジョウヒガシ","北海道","札幌市中央区","南一条東",0,0,1,0,0,0
01101,"060  ","0600061","ホッカイドウ","サッポロシチュウオウク","ミナミ1ジョウニシ(1-19チョウメ)","北海道","札幌市中央区","南一条西（１〜１９丁目）",1,0,1,0,0,0
01101,"064  ","0640801","ホッカイドウ","サッポロシチュウオウク","ミナミ1ジョウニシ(20-28チョウメ)","北海道","札幌市中央区","南一条西（２０〜２８丁目）",1,0,1,0,0,0
01101,"060  ","0600052","ホッカイドウ","サッポロシチュウオウク","ミナミ2ジョウヒガシ","北海道","札幌市中央区","南二条東",0,0,1,0,0,0
01101,"060  ","0600062","ホッカイドウ","サッポロシチュウオウク","ミナミ2ジョウニシ(1-19チョウメ)","北海道","札幌市中央区","南二条西（１〜１９丁目）",1,0,1,0,0,0
01101,"064  ","0640802","ホッカイドウ","サッポロシチュウオウク","ミナミ2ジョウニシ(20-28チョウメ)","北海道","札幌市中央区","南二条西（２０〜２８丁目）",1,0,1,0,0,0
01101,"060  ","0600053","ホッカイドウ","サッポロシチュウオウク","ミナミ3ジョウヒガシ","北海道","札幌市中央区","南三条東",0,0,1,0,0,0
01101,"060  ","0600063","ホッカイドウ","サッポロシチュウオウク","ミナミ3ジョウニシ(1-18チョウメ)","北海道","札幌市中央区","南三条西（１〜１８丁目）",1,0,1,0,0,0
01101,"064  ","0640803","ホッカイドウ","サッポロシチュウオウク","ミナミ3ジョウニシ(20-28チョウメ)","北海道","札幌市中央区","南三条西（２０〜２８丁目）",1,0,1,0,0,0
01101,"060  ","0600054","ホッカイドウ","サッポロシチュウオウク","ミナミ4ジョウヒガシ","北海道","札幌市中央区","南四条東",0,0,1,0,0,0
01101,"064  ","0640804","ホッカイドウ","サッポロシチュウオウク","ミナミ4ジョウニシ","北海道","札幌市中央区","南四条西",0,0,1,0,0,0
01101,"060  ","0600055","ホッカイドウ","サッポロシチュウオウク","ミナミ5ジョウヒガシ","北海道","札幌市中央区","南五条東",0,0,1,0,0,0
01101,"064  ","0640805","ホッカイドウ","サッポロシチュウオウク","ミナミ5ジョウニシ","北海道","札幌市中央区","南五条西",0,0,1,0,0,0
01101,"060  ","0600056","ホッカイドウ","サッポロシチュウオウク","ミナミ6ジョウヒガシ","北海道","札幌市中央区","南六条東",0,0,1,0,0,0
01101,"064  ","0640806","ホッカイドウ","サッポロシチュウオウク","ミナミ6ジョウニシ","北海道","札幌市中央区","南六条西",0,0,1,0,0,0
01101,"060  ","0600057","ホッカイドウ","サッポロシチュウオウク","ミナミ7ジョウヒガシ","北海道","札幌市中央区","南七条東",0,0,1,0,0,0
01101,"064  ","0640807","ホッカイドウ","サッポロシチュウオウク","ミナミ7ジョウニシ","北海道","札幌市中央区","南七条西",0,0,1,0,0,0
01101,"064  ","0640808","ホッカイドウ","サッポロシチュウオウク","ミナミ8ジョウニシ","北海道","札幌市中央区","南八条西",0,0,1,0,0,0
01101,"064  ","0640809","ホッカイドウ","サッポロシチュウオウク","ミナミ9ジョウニシ","北海道","札幌市中央区","南九条西",0,0,1,0,0,0
01101,"064  ","0640810","ホッカイドウ","サッポロシチュウオウク","ミナミ10ジョウニシ","北海道","札幌市中央区","南十条西",0,0,1,0,0,0
01101,"064  ","0640811","ホッカイドウ","サッポロシチュウオウク","ミナミ11ジョウニシ","北海道","札幌市中央区","南十一条西",0,0,1,0,0,0
01101,"064  ","0640912","ホッカイドウ","サッポロシチュウオウク","ミナミ12ジョウニシ","北海道","札幌市中央区","南十二条西",0,0,1,0,0,0
01101,"064  ","0640913","ホッカイドウ","サッポロシチュウオウク","ミナミ13ジョウニシ","北海道","札幌市中央区","南十三条西",0,0,1,0,0,0
01101,"064  ","0640914","ホッカイドウ","サッポロシチュウオウク","ミナミ14ジョウニシ","北海道","札幌市中央区","南十四条西",0,0,1,0,0,0
01101,"064  ","0640915","ホッカイドウ","サッポロシチュウオウク","ミナミ15ジョウニシ","北海道","札幌市中央区","南十五条西",0,0,1,0,0,0
01101,"064  ","0640916","ホッカイドウ","サッポロシチュウオウク","ミナミ16ジョウニシ","北海道","札幌市中央区","南十六条西",0,0,1,0,0,0
01101,"064  ","0640917","ホッカイドウ","サッポロシチュウオウク","ミナミ17ジョウニシ","北海道","札幌市中央区","南十七条西",0,0,1,0,0,0
01101,"064  ","0640918","ホッカイドウ","サッポロシチュウオウク","ミナミ18ジョウニシ","北海道","札幌市中央区","南十八条西",0,0,1,0,0,0
01101,"064  ","0640919","ホッカイドウ","サッポロシチュウオウク","ミナミ19ジョウニシ","北海道","札幌市中央区","南十九条西",0,0,1,0,0,0
01101,"064  ","0640920","ホッカイドウ","サッポロシチュウオウク","ミナミ20ジョウニシ","北海道","札幌市中央区","南二十条西",0,0,1,0,0,0
01101,"064  ","0640921","ホッカイドウ","サッポロシチュウオウク","ミナミ21ジョウニシ","北海道","札幌市中央区","南二十一条西",0,0,1,0,0,0
01101,"064  ","0640922","ホッカイドウ","サッポロシチュウオウク","ミナミ22ジョウニシ","北海道","札幌市中央区","南二十二条西",0,0,1,0,0,0
01101,"064  ","0640923","ホッカイドウ","サッポロシチュウオウク","ミナミ23ジョウニシ","北海道","札幌市中央区","南二十三条西",0,0,1,0,0,0
01101,"064  ","0640924","ホッカイドウ","サッポロシチュウオウク","ミナミ24ジョウニシ","北海道","札幌市中央区","南二十四条西",0,0,1,0,0,0
01101,"064  ","0640925","ホッカイドウ","サッポロシチュウオウク","ミナミ25ジョウニシ","北海道","札幌市中央区","南二十五条西",0,0,1,0,0,0
01101,"064  ","0640926","ホッカイドウ","サッポロシチュウオウク","ミナミ26ジョウニシ","北海道","札幌市中央区","南二十六条西",0,0,1,0,0,0
01101,"064  ","0640927","ホッカイドウ","サッポロシチュウオウク","ミナミ27ジョウニシ","北海道","札幌市中央区","南二十七条西",0,0,1,0,0,0
01101,"064  ","0640928","ホッカイドウ","サッポロシチュウオウク","ミナミ28ジョウニシ","北海道","札幌市中央区","南二十八条西",0,0,1,0,0,0
01101,"064  ","0640929","ホッカイドウ","サッポロシチュウオウク","ミナミ29ジョウニシ","北海道","札幌市中央区","南二十九条西",0,0,1,0,0,0
01101,"064  ","0640930","ホッカイドウ","サッポロシチュウオウク","ミナミ30ジョウニシ(9-11チョウメ)","北海道","札幌市中央区","南三十条西（９〜１１丁目）",0,0,1,0,0,0
01101,"064  ","0640959","ホッカイドウ","サッポロシチュウオウク","ミヤガオカ","北海道","札幌市中央区","宮ケ丘",0,0,1,0,0,0
01101,"064  ","0640958","ホッカイドウ","サッポロシチュウオウク","ミヤノモリ","北海道","札幌市中央区","宮の森",0,0,0,0,0,0
01101,"064  ","0640951","ホッカイドウ","サッポロシチュウオウク","ミヤノモリ1ジョウ","北海道","札幌市中央区","宮の森一条",0,0,1,0,0,0
01101,"064  ","0640952","ホッカイドウ","サッポロシチュウオウク","ミヤノモリ2ジョウ","北海道","札幌市中央区","宮の森二条",0,0,1,0,0,0
01101,"064  ","0640953","ホッカイドウ","サッポロシチュウオウク","ミヤノモリ3ジョウ","北海道","札幌市中央区","宮の森三条",0,0,1,0,0,0
01101,"064  ","0640954","ホッカイドウ","サッポロシチュウオウク","ミヤノモリ4ジョウ","北海道","札幌市中央区","宮の森四条",0,0,1,0,0,0
01102,"001  ","0010000","ホッカイドウ","サッポロシキタク","イカニケイサイガナイバアイ","北海道","札幌市北区","以下に掲載がない場合",0,0,0,0,0,0
01102,"002  ","0028071","ホッカイドウ","サッポロシキタク","アイノサト1ジョウ","北海道","札幌市北区","あいの里一条",0,0,1,0,0,0
01102,"002  ","0028072","ホッカイドウ","サッポロシキタク","アイノサト2ジョウ","北海道","札幌市北区","あいの里二条",0,0,1,0,0,0
01102,"002  ","0028073","ホッカイドウ","サッポロシキタク","アイノサト3ジョウ","北海道","札幌市北区","あいの里三条",0,0,1,0,0,0
01102,"002  ","0028074","ホッカイドウ","サッポロシキタク","アイノサト4ジョウ","北海道","札幌市北区","あいの里四条",0,0,1,0,0,0
01102,"002  ","0028075","ホッカイドウ","サッポロシキタク","アイノサト5ジョウ","北海道","札幌市北区","あいの里五条",0,0,1,0,0,0
01102,"001  ","0010045","ホッカイドウ","サッポロシキタク","アサブチョウ","北海道","札幌市北区","麻生町",0,0,1,0,0,0
01102,"060  ","0600806","ホッカイドウ","サッポロシキタク","キタ6ジョウニシ","北海道","札幌市北区","北六条西",0,0,1,0,0,0
01102,"060  ","0600807","ホッカイドウ","サッポロシキタク","キタ7ジョウニシ","北海道","札幌市北区","北七条西",0,0,1,0,0,0
01102,"060  ","0600808","ホッカイドウ","サッポロシキタク","キタ8ジョウニシ","北海道","札幌市北区","北八条西",0,0,1,0,0,0
01102,"060  ","0600809","ホッカイドウ","サッポロシキタク","キタ9ジョウニシ","北海道","札幌市北区","北九条西",0,0,1,0,0,0
01102,"001  ","0010010","ホッカイドウ","サッポロシキタク","キタ10ジョウニシ(1-4チョウメ)","北海道","札幌市北区","北十条西（１〜４丁目）",1,0,1,0,0,0
01102,"060  ","0600810","ホッカイドウ","サッポロシキタク","キタ10ジョウニシ(5-11チョウメ)","北海道","札幌市北区","北十条西（５〜１１丁目）",1,0,1,0,0,0
01102,"001  ","0010011","ホッカイドウ","サッポロシキタク","キタ11ジョウニシ(1-4チョウメ)","北海道","札幌市北区","北十一条西（１〜４丁目）",1,0,1,0,0,0
01102,"060  ","0600811","ホッカイドウ","サッポロシキタク","キタ11ジョウニシ(5-11チョウメ)","北海道","札幌市北区","北十一条西（５〜１１丁目）",1,0,1,0,0,0
01102,"001  ","0010012","ホッカイドウ","サッポロシキタク","キタ12ジョウニシ(1-4チョウメ)","北海道","札幌市北区","北十二条西（１〜４丁目）",1,0,1,0,0,0
01102,"060  ","0600812","ホッカイドウ","サッポロシキタク","キタ12ジョウニシ(5-12チョウメ)","北海道","札幌市北区","北十二条西（５〜１２丁目）",1,0,1,0,0,0
01102,"001  ","0010013","ホッカイドウ","サッポロシキタク","キタ13ジョウニシ(1-4チョウメ)","北海道","札幌市北区","北十三条西（１〜４丁目）",1,0,1,0,0,0
01102,"060  ","0600813","ホッカイドウ","サッポロシキタク","キタ13ジョウニシ(5-12チョウメ)","北海道","札幌市北区","北十三条西（５〜１２丁目）",1,0,1,0,0,0
01102,"001  ","0010014","ホッカイドウ","サッポロシキタク","キタ14ジョウニシ(1-4チョウメ)","北海道","札幌市北区","北十四条西（１〜４丁目）",1,0,1,0,0,0
01102,"060  ","0600814","ホッカイドウ","サッポロシキタク","キタ14ジョウニシ(5-13チョウメ)","北海道","札幌市北区","北十四条西（５〜１３丁目）",1,0,1,0,0,0
01102,"001  ","0010015","ホッカイドウ","サッポロシキタク","キタ15ジョウニシ(1-5チョウメ)","北海道","札幌市北区","北十五条西（１〜５丁目）",1,0,1,0,0,0
01102,"060  ","0600815","ホッカイドウ","サッポロシキタク","キタ15ジョウニシ(6-13チョウメ)","北海道","札幌市北区","北十五条西（６〜１３丁目）",1,0,1,0,0,0
01102,"001  ","0010016","ホッカイドウ","サッポロシキタク","キタ16ジョウニシ(1-6チョウメ)","北海道","札幌市北区","北十六条西（１〜６丁目）",1,0,1,0,0,0
01102,"060  ","0600816","ホッカイドウ","サッポロシキタク","キタ16ジョウニシ(7-13チョウメ)","北海道","札幌市北区","北十六条西（７〜１３丁目）",1,0,1,0,0,0
01102,"001  ","0010017","ホッカイドウ","サッポロシキタク","キタ17ジョウニシ(1-6チョウメ)","北海道","札幌市北区","北十七条西（１〜６丁目）",1,0,1,0,0,0
01102,"060  ","0600817","ホッカイドウ","サッポロシキタク","キタ17ジョウニシ(7-13チョウメ)","北海道","札幌市北区","北十七条西（７〜１３丁目）",1,0,1,0,0,0
01102,"001  ","0010018","ホッカイドウ","サッポロシキタク","キタ18ジョウニシ(1-7チョウメ)","北海道","札幌市北区","北十八条西（１〜７丁目）",1,0,1,0,0,0
01102,"060  ","0600818","ホッカイドウ","サッポロシキタク","キタ18ジョウニシ(8-13チョウメ)","北海道","札幌市北区","北十八条西（８〜１３丁目）",1,0,1,0,0,0
01102,"001  ","0010019","ホッカイドウ","サッポロシキタク","キタ19ジョウニシ(2-7チョウメ)","北海道","札幌市北区","北十九条西（２〜７丁目）",1,0,1,0,0,0
01102,"060  ","0600819","ホッカイドウ","サッポロシキタク","キタ19ジョウニシ(8-13チョウメ)","北海道","札幌市北区","北十九条西（８〜１３丁目）",1,0,1,0,0,0
01102,"001  ","0010020","ホッカイドウ","サッポロシキタク","キタ20ジョウニシ(2-10チョウメ)","北海道","札幌市北区","北二十条西（２〜１０丁目）",1,0,1,0,0,0
01102,"060  ","0600820","ホッカイドウ","サッポロシキタク","キタ20ジョウニシ(11-13チョウメ)","北海道","札幌市北区","北二十条西（１１〜１３丁目）",1,0,1,0,0,0
01102,"001  ","0010021","ホッカイドウ","サッポロシキタク","キタ21ジョウニシ","北海道","札幌市北区","北二十一条西",0,0,1,0,0,0
01102,"001  ","0010022","ホッカイドウ","サッポロシキタク","キタ22ジョウニシ","北海道","札幌市北区","北二十二条西",0,0,1,0,0,0
01102,"001  ","0010023","ホッカイドウ","サッポロシキタク","キタ23ジョウニシ","北海道","札幌市北区","北二十三条西",0,0,1,0,0,0
01102,"001  ","0010024","ホッカイドウ","サッポロシキタク","キタ24ジョウニシ","北海道","札幌市北区","北二十四条西",0,0,1,0,0,0
01102,"001  ","0010025","ホッカイドウ","サッポロシキタク","キタ25ジョウニシ","北海道","札幌市北区","北二十五条西",0,0,1,0,0,0
01102,"001  ","0010026","ホッカイドウ","サッポロシキタク","キタ26ジョウニシ","北海道","札幌市北区","北二十六条西",0,0,1,0,0,0
01102,"001  ","0010027","ホッカイドウ","サッポロシキタク","キタ27ジョウニシ","北海道","札幌市北区","北二十七条西",0,0,1,0,0,0
01102,"001  ","0010028","ホッカイドウ","サッポロシキタク","キタ28ジョウニシ","北海道","札幌市北区","北二十八条西",0,0,1,0,0,0
01102,"001  ","0010029","ホッカイドウ","サッポロシキタク","キタ29ジョウニシ","北海道","札幌市北区","北二十九条西",0,0,1,0,0,0
01102,"001  ","0010030","ホッカイドウ","サッポロシキタク","キタ30ジョウニシ","北海道","札幌市北区","北三十条西",0,0,1,0,0,0
01102,"001  ","0010031","ホッカイドウ","サッポロシキタク","キタ31ジョウニシ","北海道","札幌市北区","北三十一条西",0,0,1,0,0,0
01102,"001  ","0010032","ホッカイドウ","サッポロシキタク","キタ32ジョウニシ","北海道","札幌市北区","北三十二条西",0,0,1,0,0,0
01102,"001  ","0010033","ホッカイドウ","サッポロシキタク","キタ33ジョウニシ","北海道","札幌市北区","北三十三条西",0,0,1,0,0,0
01102,"001  ","0010034","ホッカイドウ","サッポロシキタク","キタ34ジョウニシ","北海道","札幌市北区","北三十四条西",0,0,1,0,0,0
01102,"001  ","0010035","ホッカイドウ","サッポロシキタク","キタ35ジョウニシ","北海道","札幌市北区","北三十五条西",0,0,1,0,0,0
01102,"001  ","0010036","ホッカイドウ","サッポロシキタク","キタ36ジョウニシ","北海道","札幌市北区","北三十六条西",0,0,1,0,0,0
01102,"001  ","0010037","ホッカイドウ","サッポロシキタク","キタ37ジョウニシ","北海道","札幌市北区","北三十七条西",0,0,1,0,0,0
01102,"001  ","0010038","ホッカイドウ","サッポロシキタク","キタ38ジョウニシ","北海道","札幌市北区","北三十八条西",0,0,1,0,0,0
01102,"001  ","0010039","ホッカイドウ","サッポロシキタク","キタ39ジョウニシ","北海道","札幌市北区","北三十九条西",0,0,1,0,0,0
01102,"001  ","0010040","ホッカイドウ","サッポロシキタク","キタ40ジョウニシ","北海道","札幌市北区","北四十条西",0,0,1,0,0,0
01102,"002  ","0028021","ホッカイドウ","サッポロシキタク","シノロ1ジョウ","北海道","札幌市北区","篠路一条",0,0,1,0,0,0
01102,"002  ","0028022","ホッカイドウ","サッポロシキタク","シノロ2ジョウ","北海道","札幌市北区","篠路二条",0,0,1,0,0,0
01102,"002  ","0028023","ホッカイドウ","サッポロシキタク","シノロ3ジョウ","北海道","札幌市北区","篠路三条",0,0,1,0,0,0
01102,"002  ","0028024","ホッカイドウ","サッポロシキタク","シノロ4ジョウ","北海道","札幌市北区","篠路四条",0,0,1,0,0,0
01102,"002  ","0028025","ホッカイドウ","サッポロシキタク","シノロ5ジョウ","北海道","札幌市北区","篠路五条",0,0,1,0,0,0
01102,"002  ","0028026","ホッカイドウ","サッポロシキタク","シノロ6ジョウ","北海道","札幌市北区","篠路六条",0,0,1,0,0,0
01102,"002  ","0028027","ホッカイドウ","サッポロシキタク","シノロ7ジョウ","北海道","札幌市北区","篠路七条",0,0,1,0,0,0
01102,"002  ","0028028","ホッカイドウ","サッポロシキタク","シノロ8ジョウ","北海道","札幌市北区","篠路八条",0,0,1,0,0,0
01102,"002  ","0028029","ホッカイドウ","サッポロシキタク","シノロ9ジョウ","北海道","札幌市北区","篠路九条",0,0,1,0,0,0
01102,"002  ","0028030","ホッカイドウ","サッポロシキタク","シノロ10ジョウ","北海道","札幌市北区","篠路十条",0,0,1,0,0,0
01102,"002  ","0028052","ホッカイドウ","サッポロシキタク","シノロチョウカミシノロ","北海道","札幌市北区","篠路町上篠路",0,0,0,0,0,0
01102,"002  ","0028053","ホッカイドウ","サッポロシキタク","シノロチョウシノロ","北海道","札幌市北区","篠路町篠路",0,0,0,0,0,0
01102,"002  ","0028051","ホッカイドウ","サッポロシキタク","シノロチョウタイヘイ","北海道","札幌市北区","篠路町太平",0,0,0,0,0,0
01102,"002  ","0028054","ホッカイドウ","サッポロシキタク","シノロチョウタクホク","北海道","札幌市北区","篠路町拓北",0,0,0,0,0,0
01102,"002  ","0028055","ホッカイドウ","サッポロシキタク","シノロチョウフクイ","北海道","札幌市北区","篠路町福移",0,0,0,0,0,0
01102,"001  ","0010930","ホッカイドウ","サッポロシキタク","シンカワ","北海道","札幌市北区","新川",0,0,0,0,0,0
01102,"001  ","0010921","ホッカイドウ","サッポロシキタク","シンカワ1ジョウ","北海道","札幌市北区","新川一条",0,0,1,0,0,0
01102,"001  ","0010922","ホッカイドウ","サッポロシキタク","シンカワ2ジョウ","北海道","札幌市北区","新川二条",0,0,1,0,0,0
01102,"001  ","0010923","ホッカイドウ","サッポロシキタク","シンカワ3ジョウ","北海道","札幌市北区","新川三条",0,0,1,0,0,0
01102,"001  ","0010924","ホッカイドウ","サッポロシキタク","シンカワ4ジョウ","北海道","札幌市北区","新川四条",0,0,1,0,0,0
01102,"001  ","0010925","ホッカイドウ","サッポロシキタク","シンカワ5ジョウ","北海道","札幌市北区","新川五条",0,0,1,0,0,0
01102,"001  ","0010926","ホッカイドウ","サッポロシキタク","シンカワ6ジョウ","北海道","札幌市北区","新川六条",0,0,1,0,0,0
01102,"001  ","0010927","ホッカイドウ","サッポロシキタク","シンカワ7ジョウ","北海道","札幌市北区","新川七条",0,0,1,0,0,0
01102,"001  ","0010928","ホッカイドウ","サッポロシキタク","シンカワ8ジョウ","北海道","札幌市北区","新川八条",0,0,1,0,0,0
01102,"001  ","0010931","ホッカイドウ","サッポロシキタク","シンカワニシ1ジョウ","北海道","札幌市北区","新川西一条",0,0,1,0,0,0
01102,"001  ","0010932","ホッカイドウ","サッポロシキタク","シンカワニシ2ジョウ","北海道","札幌市北区","新川西二条",0,0,1,0,0,0
01102,"001  ","0010933","ホッカイドウ","サッポロシキタク","シンカワニシ3ジョウ","北海道","札幌市北区","新川西三条",0,0,1,0,0,0
01102,"001  ","0010934","ホッカイドウ","サッポロシキタク","シンカワニシ4ジョウ","北海道","札幌市北区","新川西四条",0,0,1,0,0,0
01102,"001  ","0010935","ホッカイドウ","サッポロシキタク","シンカワニシ5ジョウ","北海道","札幌市北区","新川西五条",0,0,1,0,0,0
01102,"001  ","0010901","ホッカイドウ","サッポロシキタク","シンコトニ1ジョウ","北海道","札幌市北区","新琴似一条",0,0,1,0,0,0
01102,"001  ","0010902","ホッカイドウ","サッポロシキタク","シンコトニ2ジョウ","北海道","札幌市北区","新琴似二条",0,0,1,0,0,0
01102,"001  ","0010903","ホッカイドウ","サッポロシキタク","シンコトニ3ジョウ","北海道","札幌市北区","新琴似三条",0,0,1,0,0,0
01102,"001  ","0010904","ホッカイドウ","サッポロシキタク","シンコトニ4ジョウ","北海道","札幌市北区","新琴似四条",0,0,1,0,0,0
01102,"001  ","0010905","ホッカイドウ","サッポロシキタク","シンコトニ5ジョウ","北海道","札幌市北区","新琴似五条",0,0,1,0,0,0
01102,"001  ","0010906","ホッカイドウ","サッポロシキタク","シンコトニ6ジョウ","北海道","札幌市北区","新琴似六条",0,0,1,0,0,0
01102,"001  ","0010907","ホッカイドウ","サッポロシキタク","シンコトニ7ジョウ","北海道","札幌市北区","新琴似七条",0,0,1,0,0,0
01102,"001  ","0010908","ホッカイドウ","サッポロシキタク","シンコトニ8ジョウ","北海道","札幌市北区","新琴似八条",0,0,1,0,0,0
01102,"001  ","0010909","ホッカイドウ","サッポロシキタク","シンコトニ9ジョウ","北海道","札幌市北区","新琴似九条",0,0,1,0,0,0
01102,"001  ","0010910","ホッカイドウ","サッポロシキタク","シンコトニ10ジョウ","北海道","札幌市北区","新琴似十条",0,0,1,0,0,0
01102,"001  ","0010911","ホッカイドウ","サッポロシキタク","シンコトニ11ジョウ","北海道","札幌市北区","新琴似十一条",0,0,1,0,0,0
01102,"001  ","0010912","ホッカイドウ","サッポロシキタク","シンコトニ12ジョウ","北海道","札幌市北区","新琴似十二条",0,0,1,0,0,0
01102,"001  ","0010915","ホッカイドウ","サッポロシキタク","シンコトニチョウ","北海道","札幌市北区","新琴似町",0,0,0,0,0,0
01102,"002  ","0028001","ホッカイドウ","サッポロシキタク","タイヘイ1ジョウ","北海道","札幌市北区","太平一条",0,0,1,0,0,0
01102,"002  ","0028002","ホッカイドウ","サッポロシキタク","タイヘイ2ジョウ","北海道","札幌市北区","太平二条",0,0,1,0,0,0
01102,"002  ","0028003","ホッカイドウ","サッポロシキタク","タイヘイ3ジョウ","北海道","札幌市北区","太平三条",0,0,1,0,0,0
01102,"002  ","0028004","ホッカイドウ","サッポロシキタク","タイヘイ4ジョウ","北海道","札幌市北区","太平四条",0,0,1,0,0,0
01102,"002  ","0028005","ホッカイドウ","サッポロシキタク","タイヘイ5ジョウ","北海道","札幌市北区","太平五条",0,0,1,0,0,0
01102,"002  ","0028006","ホッカイドウ","サッポロシキタク","タイヘイ6ジョウ","北海道","札幌市北区","太平六条",0,0,1,0,0,0
01102,"002  ","0028007","ホッカイドウ","サッポロシキタク","タイヘイ7ジョウ","北海道","札幌市北区","太平七条",0,0,1,0,0,0
01102,"002  ","0028008","ホッカイドウ","サッポロシキタク","タイヘイ8ジョウ","北海道","札幌市北区","太平八条",0,0,1,0,0,0
01102,"002  ","0028009","ホッカイドウ","サッポロシキタク","タイヘイ9ジョウ","北海道","札幌市北区","太平九条",0,0,1,0,0,0
01102,"002  ","0028010","ホッカイドウ","サッポロシキタク","タイヘイ10ジョウ","北海道","札幌市北区","太平十条",0,0,1,0,0,0
01102,"002  ","0028011","ホッカイドウ","サッポロシキタク","タイヘイ11ジョウ","北海道","札幌市北区","太平十一条",0,0,1,0,0,0
01102,"002  ","0028012","ホッカイドウ","サッポロシキタク","タイヘイ12ジョウ","北海道","札幌市北区","太平十二条",0,0,1,0,0,0
01102,"002  ","0028061","ホッカイドウ","サッポロシキタク","タクホク1ジョウ","北海道","札幌市北区","拓北一条",0,0,1,0,0,0
01102,"002  ","0028062","ホッカイドウ","サッポロシキタク","タクホク2ジョウ","北海道","札幌市北区","拓北二条",0,0,1,0,0,0
01102,"002  ","0028063","ホッカイドウ","サッポロシキタク","タクホク3ジョウ","北海道","札幌市北区","拓北三条",0,0,1,0,0,0
01102,"002  ","0028064","ホッカイドウ","サッポロシキタク","タクホク4ジョウ","北海道","札幌市北区","拓北四条",0,0,1,0,0,0
01102,"002  ","0028065","ホッカイドウ","サッポロシキタク","タクホク5ジョウ","北海道","札幌市北区","拓北五条",0,0,1,0,0,0
01102,"002  ","0028066","ホッカイドウ","サッポロシキタク","タクホク6ジョウ","北海道","札幌市北区","拓北六条",0,0,1,0,0,0
01102,"002  ","0028067","ホッカイドウ","サッポロシキタク","タクホク7ジョウ","北海道","札幌市北区","拓北七条",0,0,1,0,0,0
01102,"002  ","0028068","ホッカイドウ","サッポロシキタク","タクホク8ジョウ","北海道","札幌市北区","拓北八条",0,0,1,0,0,0
01102,"001  ","0020851","ホッカイドウ","サッポロシキタク","トンデン1ジョウ","北海道","札幌市北区","屯田一条",0,0,1,0,0,0
01102,"001  ","0020852","ホッカイドウ","サッポロシキタク","トンデン2ジョウ","北海道","札幌市北区","屯田二条",0,0,1,0,0,0
01102,"001  ","0020853","ホッカイドウ","サッポロシキタク","トンデン3ジョウ","北海道","札幌市北区","屯田三条",0,0,1,0,0,0
01102,"001  ","0020854","ホッカイドウ","サッポロシキタク","トンデン4ジョウ","北海道","札幌市北区","屯田四条",0,0,1,0,0,0
01102,"001  ","0020855","ホッカイドウ","サッポロシキタク","トンデン5ジョウ","北海道","札幌市北区","屯田五条",0,0,1,0,0,0
01102,"001  ","0020856","ホッカイドウ","サッポロシキタク","トンデン6ジョウ","北海道","札幌市北区","屯田六条",0,0,1,0,0,0
01102,"001  ","0020857","ホッカイドウ","サッポロシキタク","トンデン7ジョウ","北海道","札幌市北区","屯田七条",0,0,1,0,0,0
01102,"001  ","0020858","ホッカイドウ","サッポロシキタク","トンデン8ジョウ","北海道","札幌市北区","屯田八条",0,0,1,0,0,0
01102,"001  ","0020859","ホッカイドウ","サッポロシキタク","トンデン9ジョウ","北海道","札幌市北区","屯田九条",0,0,1,0,0,0
01102,"001  ","0020860","ホッカイドウ","サッポロシキタク","トンデン10ジョウ","北海道","札幌市北区","屯田十条",0,0,1,0,0,0
01102,"001  ","0020861","ホッカイドウ","サッポロシキタク","トンデン11ジョウ","北海道","札幌市北区","屯田十一条",0,0,1,0,0,0
01102,"001  ","0020865","ホッカイドウ","サッポロシキタク","トンデンチョウ","北海道","札幌市北区","屯田町",0,0,0,0,0,0
01102,"002  ","0028038","ホッカイドウ","サッポロシキタク","ニシバラト","北海道","札幌市北区","西茨戸",0,0,0,0,0,0
01102,"002  ","0028031","ホッカイドウ","サッポロシキタク","ニシバラト1ジョウ","北海道","札幌市北区","西茨戸一条",0,0,1,0,0,0
01102,"002  ","0028032","ホッカイドウ","サッポロシキタク","ニシバラト2ジョウ","北海道","札幌市北区","西茨戸二条",0,0,1,0,0,0
01102,"002  ","0028033","ホッカイドウ","サッポロシキタク","ニシバラト3ジョウ","北海道","札幌市北区","西茨戸三条",0,0,1,0,0,0
01102,"002  ","0028034","ホッカイドウ","サッポロシキタク","ニシバラト4ジョウ","北海道","札幌市北区","西茨戸四条",0,0,1,0,0,0
01102,"002  ","0028035","ホッカイドウ","サッポロシキタク","ニシバラト5ジョウ","北海道","札幌市北区","西茨戸五条",0,0,1,0,0,0
01102,"002  ","0028036","ホッカイドウ","サッポロシキタク","ニシバラト6ジョウ","北海道","札幌市北区","西茨戸六条",0,0,1,0,0,0
01102,"002  ","0028037","ホッカイドウ","サッポロシキタク","ニシバラト7ジョウ","北海道","札幌市北区","西茨戸七条",0,0,1,0,0,0
01102,"002  ","0028043","ホッカイドウ","サッポロシキタク","ヒガシバラト","北海道","札幌市北区","東茨戸",0,0,0,0,0,0
01102,"002  ","0028041","ホッカイドウ","サッポロシキタク","ヒガシバラト1ジョウ","北海道","札幌市北区","東茨戸一条",0,0,1,0,0,0
01102,"002  ","0028042","ホッカイドウ","サッポロシキタク","ヒガシバラト2ジョウ","北海道","札幌市北区","東茨戸二条",0,0,1,0,0,0
01102,"002  ","0028044","ホッカイドウ","サッポロシキタク","ヒガシバラト3ジョウ","北海道","札幌市北区","東茨戸三条",0,0,1,0,0,0
01102,"002  ","0028045","ホッカイドウ","サッポロシキタク","ヒガシバラト4ジョウ","北海道","札幌市北区","東茨戸四条",0,0,1,0,0,0
01102,"002  ","0028091","ホッカイドウ","サッポロシキタク","ミナミアイノサト","北海道","札幌市北区","南あいの里",0,0,1,0,0,0
01102,"002  ","0028081","ホッカイドウ","サッポロシキタク","ユリガハラ","北海道","札幌市北区","百合が原",0,0,1,0,0,0
01102,"002  ","0028082","ホッカイドウ","サッポロシキタク","ユリガハラコウエン","北海道","札幌市北区","百合が原公園",0,0,0,0,0,0
01103,"065  ","0650000","ホッカイドウ","サッポロシヒガシク","イカニケイサイガナイバアイ","北海道","札幌市東区","以下に掲載がない場合",0,0,0,0,0,0
01103,"007  ","0070880","ホッカイドウ","サッポロシヒガシク","オカダマチョウ","北海道","札幌市東区","丘珠町",0,0,0,0,0,0
01103,"007  ","0070881","ホッカイドウ","サッポロシヒガシク","キタオカダマ1ジョウ","北海道","札幌市東区","北丘珠一条",0,0,1,0,0,0
01103,"007  ","0070882","ホッカイドウ","サッポロシヒガシク","キタオカダマ2ジョウ","北海道","札幌市東区","北丘珠二条",0,0,1,0,0,0
01103,"007  ","0070883","ホッカイドウ","サッポロシヒガシク","キタオカダマ3ジョウ","北海道","札幌市東区","北丘珠三条",0,0,1,0,0,0
01103,"007  ","0070884","ホッカイドウ","サッポロシヒガシク","キタオカダマ4ジョウ","北海道","札幌市東区","北丘珠四条",0,0,1,0,0,0
01103,"007  ","0070885","ホッカイドウ","サッポロシヒガシク","キタオカダマ5ジョウ","北海道","札幌市東区","北丘珠五条",0,0,1,0,0,0
01103,"007  ","0070886","ホッカイドウ","サッポロシヒガシク","キタオカダマ6ジョウ","北海道","札幌市東区","北丘珠六条",0,0,1,0,0,0
01103,"065  ","0650004","ホッカイドウ","サッポロシヒガシク","キタ4ジョウヒガシ(9-16チョウメ)","北海道","札幌市東区","北四条東（９〜１６丁目）",1,0,1,0,0,0
01103,"060  ","0600905","ホッカイドウ","サッポロシヒガシク","キタ5ジョウヒガシ(4-7チョウメ)","北海道","札幌市東区","北五条東（４〜７丁目）",1,0,1,0,0,0
01103,"065  ","0650005","ホッカイドウ","サッポロシヒガシク","キタ5ジョウヒガシ(8-17チョウメ)","北海道","札幌市東区","北五条東（８〜１７丁目）",1,0,1,0,0,0
01103,"060  ","0600906","ホッカイドウ","サッポロシヒガシク","キタ6ジョウヒガシ(1-7チョウメ)","北海道","札幌市東区","北六条東（１〜７丁目）",1,0,1,0,0,0
01103,"065  ","0650006","ホッカイドウ","サッポロシヒガシク","キタ6ジョウヒガシ(8-20チョウメ)","北海道","札幌市東区","北六条東（８〜２０丁目）",1,0,1,0,0,0
01103,"060  ","0600907","ホッカイドウ","サッポロシヒガシク","キタ7ジョウヒガシ(1-7チョウメ)","北海道","札幌市東区","北七条東（１〜７丁目）",1,0,1,0,0,0
01103,"065  ","0650007","ホッカイドウ","サッポロシヒガシク","キタ7ジョウヒガシ(8-20チョウメ)","北海道","札幌市東区","北七条東（８〜２０丁目）",1,0,1,0,0,0
01103,"060  ","0600908","ホッカイドウ","サッポロシヒガシク","キタ8ジョウヒガシ(1-7チョウメ)","北海道","札幌市東区","北八条東（１〜７丁目）",1,0,1,0,0,0
01103,"065  ","0650008","ホッカイドウ","サッポロシヒガシク","キタ8ジョウヒガシ(8-19チョウメ)","北海道","札幌市東区","北八条東（８〜１９丁目）",1,0,1,0,0,0
01103,"060  ","0600909","ホッカイドウ","サッポロシヒガシク","キタ9ジョウヒガシ(1-7チョウメ)","北海道","札幌市東区","北九条東（１〜７丁目）",1,0,1,0,0,0
01103,"065  ","0650009","ホッカイドウ","サッポロシヒガシク","キタ9ジョウヒガシ(8-16チョウメ)","北海道","札幌市東区","北九条東（８〜１６丁目）",1,0,1,0,0,0
01103,"065  ","0650010","ホッカイドウ","サッポロシヒガシク","キタ10ジョウヒガシ","北海道","札幌市東区","北十条東",0,0,1,0,0,0
01103,"065  ","0650011","ホッカイドウ","サッポロシヒガシク","キタ11ジョウヒガシ","北海道","札幌市東区","北十一条東",0,0,1,0,0,0
01103,"065  ","0650012","ホッカイドウ","サッポロシヒガシク","キタ12ジョウヒガシ","北海道","札幌市東区","北十二条東",0,0,1,0,0,0
01103,"065  ","0650013","ホッカイドウ","サッポロシヒガシク","キタ13ジョウヒガシ","北海道","札幌市東区","北十三条東",0,0,1,0,0,0
01103,"065  ","0650014","ホッカイドウ","サッポロシヒガシク","キタ14ジョウヒガシ","北海道","札幌市東区","北十四条東",0,0,1,0,0,0
01103,"065  ","0650015","ホッカイドウ","サッポロシヒガシク","キタ15ジョウヒガシ","北海道","札幌市東区","北十五条東",0,0,1,0,0,0
01103,"065  ","0650016","ホッカイドウ","サッポロシヒガシク","キタ16ジョウヒガシ","北海道","札幌市東区","北十六条東",0,0,1,0,0,0
01103,"065  ","0650017","ホッカイドウ","サッポロシヒガシク","キタ17ジョウヒガシ","北海道","札幌市東区","北十七条東",0,0,1,0,0,0
01103,"065  ","0650018","ホッカイドウ","サッポロシヒガシク","キタ18ジョウヒガシ","北海道","札幌市東区","北十八条東",0,0,1,0,0,0
01103,"065  ","0650019","ホッカイドウ","サッポロシヒガシク","キタ19ジョウヒガシ","北海道","札幌市東区","北十九条東",0,0,1,0,0,0
01103,"065  ","0650020","ホッカイドウ","サッポロシヒガシク","キタ20ジョウヒガシ","北海道","札幌市東区","北二十条東",0,0,1,0,0,0
01103,"065  ","0650021","ホッカイドウ","サッポロシヒガシク","キタ21ジョウヒガシ","北海道","札幌市東区","北二十一条東",0,0,1,0,0,0
01103,"065  ","0650022","ホッカイドウ","サッポロシヒガシク","キタ22ジョウヒガシ","北海道","札幌市東区","北二十二条東",0,0,1,0,0,0
01103,"065  ","0650023","ホッカイドウ","サッポロシヒガシク","キタ23ジョウヒガシ","北海道","札幌市東区","北二十三条東",0,0,1,0,0,0
01103,"065  ","0650024","ホッカイドウ","サッポロシヒガシク","キタ24ジョウヒガシ","北海道","札幌市東区","北二十四条東",0,0,1,0,0,0
01103,"065  ","0650025","ホッカイドウ","サッポロシヒガシク","キタ25ジョウヒガシ","北海道","札幌市東区","北二十五条東",0,0,1,0,0,0
01103,"065  ","0650026","ホッカイドウ","サッポロシヒガシク","キタ26ジョウヒガシ","北海道","札幌市東区","北二十六条東",0,0,1,0,0,0
01103,"065  ","0650027","ホッカイドウ","サッポロシヒガシク","キタ27ジョウヒガシ","北海道","札幌市東区","北二十七条東",0,0,1,0,0,0
01103,"065  ","0650028","ホッカイドウ","サッポロシヒガシク","キタ28ジョウヒガシ","北海道","札幌市東区","北二十八条東",0,0,1,0,0,0
01103,"065  ","0650030","ホッカイドウ","サッポロシヒガシク","キタ30ジョウヒガシ","北海道","札幌市東区","北三十条東",0,0,1,0,0,0
01103,"065  ","0650031","ホッカイドウ","サッポロシヒガシク","キタ31ジョウヒガシ","北海道","札幌市東区","北三十一条東",0,0,1,0,0,0
01103,"065  ","0650032","ホッカイドウ","サッポロシヒガシク","キタ32ジョウヒガシ","北海道","札幌市東区","北三十二条東",0,0,1,0,0,0
01103,"065  ","0650033","ホッカイドウ","サッポロシヒガシク","キタ33ジョウヒガシ","北海道","札幌市東区","北三十三条東",0,0,1,0,0,0
01103,"007  ","0070834","ホッカイドウ","サッポロシヒガシク","キタ34ジョウヒガシ","北海道","札幌市東区","北三十四条東",0,0,1,0,0,0
01103,"007  ","0070835","ホッカイドウ","サッポロシヒガシク","キタ35ジョウヒガシ","北海道","札幌市東区","北三十五条東",0,0,1,0,0,0
01103,"007  ","0070836","ホッカイドウ","サッポロシヒガシク","キタ36ジョウヒガシ","北海道","札幌市東区","北三十六条東",0,0,1,0,0,0
01103,"007  ","0070837","ホッカイドウ","サッポロシヒガシク","キタ37ジョウヒガシ","北海道","札幌市東区","北三十七条東",0,0,1,0,0,0
01103,"007  ","0070838","ホッカイドウ","サッポロシヒガシク","キタ38ジョウヒガシ","北海道","札幌市東区","北三十八条東",0,0,1,0,0,0
01103,"007  ","0070839","ホッカイドウ","サッポロシヒガシク","キタ39ジョウヒガシ","北海道","札幌市東区","北三十九条東",0,0,1,0,0,0
01103,"007  ","0070840","ホッカイドウ","サッポロシヒガシク","キタ40ジョウヒガシ","北海道","札幌市東区","北四十条東",0,0,1,0,0,0
01103,"007  ","0070841","ホッカイドウ","サッポロシヒガシク","キタ41ジョウヒガシ","北海道","札幌市東区","北四十一条東",0,0,1,0,0,0
01103,"007  ","0070842","ホッカイドウ","サッポロシヒガシク","キタ42ジョウヒガシ","北海道","札幌市東区","北四十二条東",0,0,1,0,0,0
01103,"007  ","0070843","ホッカイドウ","サッポロシヒガシク","キタ43ジョウヒガシ","北海道","札幌市東区","北四十三条東",0,0,1,0,0,0
01103,"007  ","0070844","ホッカイドウ","サッポロシヒガシク","キタ44ジョウヒガシ","北海道","札幌市東区","北四十四条東",0,0,1,0,0,0
01103,"007  ","0070845","ホッカイドウ","サッポロシヒガシク","キタ45ジョウヒガシ","北海道","札幌市東区","北四十五条東",0,0,1,0,0,0
01103,"007  ","0070846","ホッカイドウ","サッポロシヒガシク","キタ46ジョウヒガシ","北海道","札幌市東区","北四十六条東",0,0,1,0,0,0
01103,"007  ","0070847","ホッカイドウ","サッポロシヒガシク","キタ47ジョウヒガシ","北海道","札幌市東区","北四十七条東",0,0,1,0,0,0
01103,"007  ","0070848","ホッカイドウ","サッポロシヒガシク","キタ48ジョウヒガシ","北海道","札幌市東区","北四十八条東",0,0,1,0,0,0
01103,"007  ","0070849","ホッカイドウ","サッポロシヒガシク","キタ49ジョウヒガシ","北海道","札幌市東区","北四十九条東",0,0,1,0,0,0
01103,"007  ","0070850","ホッカイドウ","サッポロシヒガシク","キタ50ジョウヒガシ","北海道","札幌市東区","北五十条東",0,0,1,0,0,0
01103,"007  ","0070851","ホッカイドウ","サッポロシヒガシク","キタ51ジョウヒガシ","北海道","札幌市東区","北五十一条東",0,0,1,0,0,0
01103,"007  ","0070852","ホッカイドウ","サッポロシヒガシク","サカエマチ","北海道","札幌市東区","栄町",0,0,0,0,0,0
01103,"065  ","0650043","ホッカイドウ","サッポロシヒガシク","ナエボチョウ","北海道","札幌市東区","苗穂町",0,0,1,0,0,0
01103,"007  ","0070001","ホッカイドウ","サッポロシヒガシク","ナカヌマ1ジョウ","北海道","札幌市東区","中沼一条",0,0,0,0,0,0
01103,"007  ","0070002","ホッカイドウ","サッポロシヒガシク","ナカヌマ2ジョウ","北海道","札幌市東区","中沼二条",0,0,0,0,0,0
01103,"007  ","0070003","ホッカイドウ","サッポロシヒガシク","ナカヌマ3ジョウ","北海道","札幌市東区","中沼三条",0,0,0,0,0,0
01103,"007  ","0070004","ホッカイドウ","サッポロシヒガシク","ナカヌマ4ジョウ","北海道","札幌市東区","中沼四条",0,0,0,0,0,0
01103,"007  ","0070005","ホッカイドウ","サッポロシヒガシク","ナカヌマ5ジョウ","北海道","札幌市東区","中沼五条",0,0,0,0,0,0
01103,"007  ","0070006","ホッカイドウ","サッポロシヒガシク","ナカヌマ6ジョウ","北海道","札幌市東区","中沼六条",0,0,0,0,0,0
01103,"007  ","0070890","ホッカイドウ","サッポロシヒガシク","ナカヌマチョウ","北海道","札幌市東区","中沼町",0,0,0,0,0,0
01103,"007  ","0070891","ホッカイドウ","サッポロシヒガシク","ナカヌマニシ1ジョウ","北海道","札幌市東区","中沼西一条",0,0,1,0,0,0
01103,"007  ","0070892","ホッカイドウ","サッポロシヒガシク","ナカヌマニシ2ジョウ","北海道","札幌市東区","中沼西二条",0,0,1,0,0,0
01103,"007  ","0070893","ホッカイドウ","サッポロシヒガシク","ナカヌマニシ3ジョウ","北海道","札幌市東区","中沼西三条",0,0,1,0,0,0
01103,"007  ","0070894","ホッカイドウ","サッポロシヒガシク","ナカヌマニシ4ジョウ","北海道","札幌市東区","中沼西四条",0,0,1,0,0,0
01103,"007  ","0070895","ホッカイドウ","サッポロシヒガシク","ナカヌマニシ5ジョウ","北海道","札幌市東区","中沼西五条",0,0,1,0,0,0
01103,"007  ","0070821","ホッカイドウ","サッポロシヒガシク","ヒガシカリキ1ジョウ","北海道","札幌市東区","東雁来一条",0,0,1,0,0,0
01103,"007  ","0070822","ホッカイドウ","サッポロシヒガシク","ヒガシカリキ2ジョウ","北海道","札幌市東区","東雁来二条",0,0,1,0,0,0
01103,"007  ","0070823","ホッカイドウ","サッポロシヒガシク","ヒガシカリキ3ジョウ","北海道","札幌市東区","東雁来三条",0,0,1,0,0,0
01103,"007  ","0070824","ホッカイドウ","サッポロシヒガシク","ヒガシカリキ4ジョウ","北海道","札幌市東区","東雁来四条",0,0,1,0,0,0
01103,"007  ","0070825","ホッカイドウ","サッポロシヒガシク","ヒガシカリキ5ジョウ","北海道","札幌市東区","東雁来五条",0,0,1,0,0,0
01103,"007  ","0070826","ホッカイドウ","サッポロシヒガシク","ヒガシカリキ6ジョウ","北海道","札幌市東区","東雁来六条",0,0,1,0,0,0
01103,"007  ","0070827","ホッカイドウ","サッポロシヒガシク","ヒガシカリキ7ジョウ","北海道","札幌市東区","東雁来七条",0,0,1,0,0,0
01103,"007  ","0070828","ホッカイドウ","サッポロシヒガシク","ヒガシカリキ8ジョウ","北海道","札幌市東区","東雁来八条",0,0,1,0,0,0
01103,"007  ","0070829","ホッカイドウ","サッポロシヒガシク","ヒガシカリキ9ジョウ","北海道","札幌市東区","東雁来九条",0,0,1,0,0,0
01103,"007  ","0070030","ホッカイドウ","サッポロシヒガシク","ヒガシカリキ10ジョウ","北海道","札幌市東区","東雁来十条",0,0,1,0,0,0
01103,"007  ","0070031","ホッカイドウ","サッポロシヒガシク","ヒガシカリキ11ジョウ","北海道","札幌市東区","東雁来十一条",0,0,1,0,0,0
01103,"007  ","0070032","ホッカイドウ","サッポロシヒガシク","ヒガシカリキ12ジョウ","北海道","札幌市東区","東雁来十二条",0,0,1,0,0,0
01103,"007  ","0070033","ホッカイドウ","サッポロシヒガシク","ヒガシカリキ13ジョウ","北海道","札幌市東区","東雁来十三条",0,0,1,0,0,0
01103,"007  ","0070034","ホッカイドウ","サッポロシヒガシク","ヒガシカリキ14ジョウ","北海道","札幌市東区","東雁来十四条",0,0,1,0,0,0
01103,"007  ","0070820","ホッカイドウ","サッポロシヒガシク","ヒガシカリキチョウ","北海道","札幌市東区","東雁来町",0,0,0,0,0,0
01103,"007  ","0070801","ホッカイドウ","サッポロシヒガシク","ヒガシナエボ1ジョウ","北海道","札幌市東区","東苗穂一条",0,0,1,0,0,0
01103,"007  ","0070802","ホッカイドウ","サッポロシヒガシク","ヒガシナエボ2ジョウ","北海道","札幌市東区","東苗穂二条",0,0,1,0,0,0
01103,"007  ","0070803","ホッカイドウ","サッポロシヒガシク","ヒガシナエボ3ジョウ","北海道","札幌市東区","東苗穂三条",0,0,1,0,0,0
01103,"007  ","0070804","ホッカイドウ","サッポロシヒガシク","ヒガシナエボ4ジョウ","北海道","札幌市東区","東苗穂四条",0,0,1,0,0,0
01103,"007  ","0070805","ホッカイドウ","サッポロシヒガシク","ヒガシナエボ5ジョウ","北海道","札幌市東区","東苗穂五条",0,0,1,0,0,0
01103,"007  ","0070806","ホッカイドウ","サッポロシヒガシク","ヒガシナエボ6ジョウ","北海道","札幌市東区","東苗穂六条",0,0,1,0,0,0
01103,"007  ","0070807","ホッカイドウ","サッポロシヒガシク","ヒガシナエボ7ジョウ","北海道","札幌市東区","東苗穂七条",0,0,1,0,0,0
01103,"007  ","0070808","ホッカイドウ","サッポロシヒガシク","ヒガシナエボ8ジョウ","北海道","札幌市東区","東苗穂八条",0,0,1,0,0,0
01103,"007  ","0070809","ホッカイドウ","サッポロシヒガシク","ヒガシナエボ9ジョウ","北海道","札幌市東区","東苗穂九条",0,0,1,0,0,0
01103,"007  ","0070810","ホッカイドウ","サッポロシヒガシク","ヒガシナエボ10ジョウ","北海道","札幌市東区","東苗穂十条",0,0,1,0,0,0
01103,"007  ","0070811","ホッカイドウ","サッポロシヒガシク","ヒガシナエボ11ジョウ","北海道","札幌市東区","東苗穂十一条",0,0,1,0,0,0
01103,"007  ","0070812","ホッカイドウ","サッポロシヒガシク","ヒガシナエボ12ジョウ","北海道","札幌市東区","東苗穂十二条",0,0,1,0,0,0
01103,"007  ","0070813","ホッカイドウ","サッポロシヒガシク","ヒガシナエボ13ジョウ","北海道","札幌市東区","東苗穂十三条",0,0,1,0,0,0
01103,"007  ","0070814","ホッカイドウ","サッポロシヒガシク","ヒガシナエボ14ジョウ","北海道","札幌市東区","東苗穂十四条",0,0,1,0,0,0
01103,"007  ","0070815","ホッカイドウ","サッポロシヒガシク","ヒガシナエボ15ジョウ","北海道","札幌市東区","東苗穂十五条",0,0,1,0,0,0
01103,"007  ","0070819","ホッカイドウ","サッポロシヒガシク","ヒガシナエボチョウ","北海道","札幌市東区","東苗穂町",0,0,0,0,0,0
01103,"007  ","0070861","ホッカイドウ","サッポロシヒガシク","フシコ1ジョウ","北海道","札幌市東区","伏古一条",0,0,1,0,0,0
01103,"007  ","0070862","ホッカイドウ","サッポロシヒガシク","フシコ2ジョウ","北海道","札幌市東区","伏古二条",0,0,1,0,0,0
01103,"007  ","0070863","ホッカイドウ","サッポロシヒガシク","フシコ3ジョウ","北海道","札幌市東区","伏古三条",0,0,1,0,0,0
01103,"007  ","0070864","ホッカイドウ","サッポロシヒガシク","フシコ4ジョウ","北海道","札幌市東区","伏古四条",0,0,1,0,0,0
01103,"007  ","0070865","ホッカイドウ","サッポロシヒガシク","フシコ5ジョウ","北海道","札幌市東区","伏古五条",0,0,1,0,0,0
01103,"007  ","0070866","ホッカイドウ","サッポロシヒガシク","フシコ6ジョウ","北海道","札幌市東区","伏古六条",0,0,1,0,0,0
01103,"007  ","0070867","ホッカイドウ","サッポロシヒガシク","フシコ7ジョウ","北海道","札幌市東区","伏古七条",0,0,1,0,0,0
01103,"007  ","0070868","ホッカイドウ","サッポロシヒガシク","フシコ8ジョウ","北海道","札幌市東区","伏古八条",0,0,1,0,0,0
01103,"007  ","0070869","ホッカイドウ","サッポロシヒガシク","フシコ9ジョウ","北海道","札幌市東区","伏古九条",0,0,1,0,0,0
01103,"007  ","0070870","ホッカイドウ","サッポロシヒガシク","フシコ10ジョウ","北海道","札幌市東区","伏古十条",0,0,1,0,0,0
01103,"007  ","0070871","ホッカイドウ","サッポロシヒガシク","フシコ11ジョウ","北海道","札幌市東区","伏古十一条",0,0,1,0,0,0
01103,"007  ","0070872","ホッカイドウ","サッポロシヒガシク","フシコ12ジョウ","北海道","札幌市東区","伏古十二条",0,0,1,0,0,0
01103,"007  ","0070873","ホッカイドウ","サッポロシヒガシク","フシコ13ジョウ","北海道","札幌市東区","伏古十三条",0,0,1,0,0,0
01103,"007  ","0070874","ホッカイドウ","サッポロシヒガシク","フシコ14ジョウ","北海道","札幌市東区","伏古十四条",0,0,0,0,0,0
01103,"065  ","0650041","ホッカイドウ","サッポロシヒガシク","ホンチョウ1ジョウ","北海道","札幌市東区","本町一条",0,0,1,0,0,0
01103,"065  ","0650042","ホッカイドウ","サッポロシヒガシク","ホンチョウ2ジョウ","北海道","札幌市東区","本町二条",0,0,1,0,0,0
01103,"007  ","0070011","ホッカイドウ","サッポロシヒガシク","モエレヌマコウエン","北海道","札幌市東区","モエレ沼公園",0,0,0,0,0,0
01104,"003  ","0030000","ホッカイドウ","サッポロシシロイシク","イカニケイサイガナイバアイ","北海道","札幌市白石区","以下に掲載がない場合",0,0,0,0,0,0
01104,"003  ","0030851","ホッカイドウ","サッポロシシロイシク","カワキタ1ジョウ","北海道","札幌市白石区","川北一条",0,0,1,0,0,0
01104,"003  ","0030852","ホッカイドウ","サッポロシシロイシク","カワキタ2ジョウ","北海道","札幌市白石区","川北二条",0,0,1,0,0,0
01104,"003  ","0030853","ホッカイドウ","サッポロシシロイシク","カワキタ3ジョウ","北海道","札幌市白石区","川北三条",0,0,1,0,0,0
01104,"003  ","0030854","ホッカイドウ","サッポロシシロイシク","カワキタ4ジョウ","北海道","札幌市白石区","川北四条",0,0,1,0,0,0
01104,"003  ","0030855","ホッカイドウ","サッポロシシロイシク","カワキタ5ジョウ","北海道","札幌市白石区","川北五条",0,0,1,0,0,0
01104,"003  ","0030869","ホッカイドウ","サッポロシシロイシク","カワシモ","北海道","札幌市白石区","川下",0,0,0,0,0,0
01104,"003  ","0030861","ホッカイドウ","サッポロシシロイシク","カワシモ1ジョウ","北海道","札幌市白石区","川下一条",0,0,1,0,0,0
01104,"003  ","0030862","ホッカイドウ","サッポロシシロイシク","カワシモ2ジョウ","北海道","札幌市白石区","川下二条",0,0,1,0,0,0
01104,"003  ","0030863","ホッカイドウ","サッポロシシロイシク","カワシモ3ジョウ","北海道","札幌市白石区","川下三条",0,0,1,0,0,0
01104,"003  ","0030864","ホッカイドウ","サッポロシシロイシク","カワシモ4ジョウ","北海道","札幌市白石区","川下四条",0,0,1,0,0,0
01104,"003  ","0030865","ホッカイドウ","サッポロシシロイシク","カワシモ5ジョウ","北海道","札幌市白石区","川下五条",0,0,1,0,0,0
01104,"003  ","0030859","ホッカイドウ","サッポロシシロイシク","カワキタ","北海道","札幌市白石区","川北",0,0,0,0,0,0
01104,"003  ","0030801","ホッカイドウ","サッポロシシロイシク","キクスイ1ジョウ","北海道","札幌市白石区","菊水一条",0,0,1,0,0,0
01104,"003  ","0030802","ホッカイドウ","サッポロシシロイシク","キクスイ2ジョウ","北海道","札幌市白石区","菊水二条",0,0,1,0,0,0
01104,"003  ","0030803","ホッカイドウ","サッポロシシロイシク","キクスイ3ジョウ","北海道","札幌市白石区","菊水三条",0,0,1,0,0,0
01104,"003  ","0030804","ホッカイドウ","サッポロシシロイシク","キクスイ4ジョウ","北海道","札幌市白石区","菊水四条",0,0,1,0,0,0
01104,"003  ","0030805","ホッカイドウ","サッポロシシロイシク","キクスイ5ジョウ","北海道","札幌市白石区","菊水五条",0,0,1,0,0,0
01104,"003  ","0030806","ホッカイドウ","サッポロシシロイシク","キクスイ6ジョウ","北海道","札幌市白石区","菊水六条",0,0,1,0,0,0
01104,"003  ","0030807","ホッカイドウ","サッポロシシロイシク","キクスイ7ジョウ","北海道","札幌市白石区","菊水七条",0,0,1,0,0,0
01104,"003  ","0030808","ホッカイドウ","サッポロシシロイシク","キクスイ8ジョウ","北海道","札幌市白石区","菊水八条",0,0,1,0,0,0
01104,"003  ","0030809","ホッカイドウ","サッポロシシロイシク","キクスイ9ジョウ","北海道","札幌市白石区","菊水九条",0,0,1,0,0,0
01104,"003  ","0030811","ホッカイドウ","サッポロシシロイシク","キクスイカミマチ1ジョウ","北海道","札幌市白石区","菊水上町一条",0,0,1,0,0,0
01104,"003  ","0030812","ホッカイドウ","サッポロシシロイシク","キクスイカミマチ2ジョウ","北海道","札幌市白石区","菊水上町二条",0,0,1,0,0,0
01104,"003  ","0030813","ホッカイドウ","サッポロシシロイシク","キクスイカミマチ3ジョウ","北海道","札幌市白石区","菊水上町三条",0,0,1,0,0,0
01104,"003  ","0030814","ホッカイドウ","サッポロシシロイシク","キクスイカミマチ4ジョウ","北海道","札幌市白石区","菊水上町四条",0,0,1,0,0,0
01104,"003  ","0030821","ホッカイドウ","サッポロシシロイシク","キクスイモトマチ1ジョウ","北海道","札幌市白石区","菊水元町一条",0,0,1,0,0,0
01104,"003  ","0030822","ホッカイドウ","サッポロシシロイシク","キクスイモトマチ2ジョウ","北海道","札幌市白石区","菊水元町二条",0,0,1,0,0,0
01104,"003  ","0030823","ホッカイドウ","サッポロシシロイシク","キクスイモトマチ3ジョウ","北海道","札幌市白石区","菊水元町三条",0,0,1,0,0,0
01104,"003  ","0030824","ホッカイドウ","サッポロシシロイシク","キクスイモトマチ4ジョウ","北海道","札幌市白石区","菊水元町四条",0,0,1,0,0,0
01104,"003  ","0030825","ホッカイドウ","サッポロシシロイシク","キクスイモトマチ5ジョウ","北海道","札幌市白石区","菊水元町五条",0,0,1,0,0,0
01104,"003  ","0030826","ホッカイドウ","サッポロシシロイシク","キクスイモトマチ6ジョウ","北海道","札幌市白石区","菊水元町六条",0,0,1,0,0,0
01104,"003  ","0030827","ホッカイドウ","サッポロシシロイシク","キクスイモトマチ7ジョウ","北海道","札幌市白石区","菊水元町七条",0,0,1,0,0,0
01104,"003  ","0030828","ホッカイドウ","サッポロシシロイシク","キクスイモトマチ8ジョウ","北海道","札幌市白石区","菊水元町八条",0,0,1,0,0,0
01104,"003  ","0030829","ホッカイドウ","サッポロシシロイシク","キクスイモトマチ9ジョウ","北海道","札幌市白石区","菊水元町九条",0,0,1,0,0,0
01104,"003  ","0030830","ホッカイドウ","サッポロシシロイシク","キクスイモトマチ10ジョウ","北海道","札幌市白石区","菊水元町十条",0,0,1,0,0,0
01104,"003  ","0030849","ホッカイドウ","サッポロシシロイシク","キタゴウ","北海道","札幌市白石区","北郷",0,0,0,0,0,0
01104,"003  ","0030831","ホッカイドウ","サッポロシシロイシク","キタゴウ1ジョウ","北海道","札幌市白石区","北郷一条",0,0,1,0,0,0
01104,"003  ","0030832","ホッカイドウ","サッポロシシロイシク","キタゴウ2ジョウ","北海道","札幌市白石区","北郷二条",0,0,1,0,0,0
01104,"003  ","0030833","ホッカイドウ","サッポロシシロイシク","キタゴウ3ジョウ","北海道","札幌市白石区","北郷三条",0,0,1,0,0,0
01104,"003  ","0030834","ホッカイドウ","サッポロシシロイシク","キタゴウ4ジョウ","北海道","札幌市白石区","北郷四条",0,0,1,0,0,0
01104,"003  ","0030835","ホッカイドウ","サッポロシシロイシク","キタゴウ5ジョウ","北海道","札幌市白石区","北郷五条",0,0,1,0,0,0
01104,"003  ","0030836","ホッカイドウ","サッポロシシロイシク","キタゴウ6ジョウ","北海道","札幌市白石区","北郷六条",0,0,1,0,0,0
01104,"003  ","0030837","ホッカイドウ","サッポロシシロイシク","キタゴウ7ジョウ","北海道","札幌市白石区","北郷七条",0,0,1,0,0,0
01104,"003  ","0030838","ホッカイドウ","サッポロシシロイシク","キタゴウ8ジョウ","北海道","札幌市白石区","北郷八条",0,0,1,0,0,0
01104,"003  ","0030839","ホッカイドウ","サッポロシシロイシク","キタゴウ9ジョウ","北海道","札幌市白石区","北郷九条",0,0,1,0,0,0
01104,"003  ","0030840","ホッカイドウ","サッポロシシロイシク","キタゴウ10ジョウ","北海道","札幌市白石区","北郷十条",0,0,0,0,0,0
01104,"003  ","0030021","ホッカイドウ","サッポロシシロイシク","サカエドオリ","北海道","札幌市白石区","栄通",0,0,1,0,0,0
01104,"003  ","0030011","ホッカイドウ","サッポロシシロイシク","チュウオウ1ジョウ","北海道","札幌市白石区","中央一条",0,0,1,0,0,0
01104,"003  ","0030012","ホッカイドウ","サッポロシシロイシク","チュウオウ2ジョウ","北海道","札幌市白石区","中央二条",0,0,1,0,0,0
01104,"003  ","0030013","ホッカイドウ","サッポロシシロイシク","チュウオウ3ジョウ","北海道","札幌市白石区","中央三条",0,0,1,0,0,0
01104,"003  ","0030022","ホッカイドウ","サッポロシシロイシク","ナンゴウドオリ(ミナミ)","北海道","札幌市白石区","南郷通（南）",1,0,0,0,0,0
01104,"003  ","0030023","ホッカイドウ","サッポロシシロイシク","ナンゴウドオリ(キタ)","北海道","札幌市白石区","南郷通（北）",1,0,0,0,0,0
01104,"003  ","0030001","ホッカイドウ","サッポロシシロイシク","ヒガシサッポロ1ジョウ","北海道","札幌市白石区","東札幌一条",0,0,1,0,0,0
01104,"003  ","0030002","ホッカイドウ","サッポロシシロイシク","ヒガシサッポロ2ジョウ","北海道","札幌市白石区","東札幌二条",0,0,1,0,0,0
01104,"003  ","0030003","ホッカイドウ","サッポロシシロイシク","ヒガシサッポロ3ジョウ","北海道","札幌市白石区","東札幌三条",0,0,1,0,0,0
01104,"003  ","0030004","ホッカイドウ","サッポロシシロイシク","ヒガシサッポロ4ジョウ","北海道","札幌市白石区","東札幌四条",0,0,1,0,0,0
01104,"003  ","0030005","ホッカイドウ","サッポロシシロイシク","ヒガシサッポロ5ジョウ","北海道","札幌市白石区","東札幌五条",0,0,1,0,0,0
01104,"003  ","0030006","ホッカイドウ","サッポロシシロイシク","ヒガシサッポロ6ジョウ","北海道","札幌市白石区","東札幌六条",0,0,1,0,0,0
01104,"003  ","0030876","ホッカイドウ","サッポロシシロイシク","ヒガシヨネサト","北海道","札幌市白石区","東米里",0,0,0,0,0,0
01104,"003  ","0030028","ホッカイドウ","サッポロシシロイシク","ヘイワドオリ(ミナミ)","北海道","札幌市白石区","平和通（南）",1,0,0,0,0,0
01104,"003  ","0030029","ホッカイドウ","サッポロシシロイシク","ヘイワドオリ(キタ)","北海道","札幌市白石区","平和通（北）",1,0,0,0,0,0
01104,"003  ","0030024","ホッカイドウ","サッポロシシロイシク","ホンゴウドオリ(ミナミ)","北海道","札幌市白石区","本郷通（南）",1,0,0,0,0,0
01104,"003  ","0030025","ホッカイドウ","サッポロシシロイシク","ホンゴウドオリ(キタ)","北海道","札幌市白石区","本郷通（北）",1,0,1,0,0,0
01104,"003  ","0030026","ホッカイドウ","サッポロシシロイシク","ホンドオリ(ミナミ)","北海道","札幌市白石区","本通（南）",1,0,0,0,0,0
01104,"003  ","0030027","ホッカイドウ","サッポロシシロイシク","ホンドオリ(キタ)","北海道","札幌市白石区","本通（北）",1,0,0,0,0,0
01104,"003  ","0030871","ホッカイドウ","サッポロシシロイシク","ヨネサト1ジョウ","北海道","札幌市白石区","米里一条",0,0,1,0,0,0
01104,"003  ","0030872","ホッカイドウ","サッポロシシロイシク","ヨネサト2ジョウ","北海道","札幌市白石区","米里二条",0,0,1,0,0,0
01104,"003  ","0030873","ホッカイドウ","サッポロシシロイシク","ヨネサト3ジョウ","北海道","札幌市白石区","米里三条",0,0,1,0,0,0
01104,"003  ","0030874","ホッカイドウ","サッポロシシロイシク","ヨネサト4ジョウ","北海道","札幌市白石区","米里四条",0,0,1,0,0,0
01104,"003  ","0030875","ホッカイドウ","サッポロシシロイシク","ヨネサト5ジョウ","北海道","札幌市白石区","米里五条",0,0,1,0,0,0
01104,"003  ","0030030","ホッカイドウ","サッポロシシロイシク","リュウツウセンター","北海道","札幌市白石区","流通センター",0,0,1,0,0,0
01105,"062  ","0620000","ホッカイドウ","サッポロシトヨヒラク","イカニケイサイガナイバアイ","北海道","札幌市豊平区","以下に掲載がない場合",0,0,0,0,0,0
01105,"062  ","0620911","ホッカイドウ","サッポロシトヨヒラク","アサヒマチ","北海道","札幌市豊平区","旭町",0,0,1,0,0,0
01105,"062  ","0620912","ホッカイドウ","サッポロシトヨヒラク","スイシャチョウ","北海道","札幌市豊平区","水車町",0,0,1,0,0,0
01105,"062  ","0620020","ホッカイドウ","サッポロシトヨヒラク","ツキサムチュウオウドオリ","北海道","札幌市豊平区","月寒中央通",0,0,1,0,0,0
01105,"062  ","0620021","ホッカイドウ","サッポロシトヨヒラク","ツキサムニシ1ジョウ","北海道","札幌市豊平区","月寒西一条",0,0,1,0,0,0
01105,"062  ","0620022","ホッカイドウ","サッポロシトヨヒラク","ツキサムニシ2ジョウ","北海道","札幌市豊平区","月寒西二条",0,0,1,0,0,0
01105,"062  ","0620023","ホッカイドウ","サッポロシトヨヒラク","ツキサムニシ3ジョウ","北海道","札幌市豊平区","月寒西三条",0,0,1,0,0,0
01105,"062  ","0620024","ホッカイドウ","サッポロシトヨヒラク","ツキサムニシ4ジョウ","北海道","札幌市豊平区","月寒西四条",0,0,1,0,0,0
01105,"062  ","0620025","ホッカイドウ","サッポロシトヨヒラク","ツキサムニシ5ジョウ","北海道","札幌市豊平区","月寒西五条",0,0,1,0,0,0
01105,"062  ","0620051","ホッカイドウ","サッポロシトヨヒラク","ツキサムヒガシ1ジョウ","北海道","札幌市豊平区","月寒東一条",0,0,1,0,0,0
01105,"062  ","0620052","ホッカイドウ","サッポロシトヨヒラク","ツキサムヒガシ2ジョウ","北海道","札幌市豊平区","月寒東二条",0,0,1,0,0,0
01105,"062  ","0620053","ホッカイドウ","サッポロシトヨヒラク","ツキサムヒガシ3ジョウ","北海道","札幌市豊平区","月寒東三条",0,0,1,0,0,0
01105,"062  ","0620054","ホッカイドウ","サッポロシトヨヒラク","ツキサムヒガシ4ジョウ","北海道","札幌市豊平区","月寒東四条",0,0,1,0,0,0
01105,"062  ","0620055","ホッカイドウ","サッポロシトヨヒラク","ツキサムヒガシ5ジョウ","北海道","札幌市豊平区","月寒東五条",0,0,1,0,0,0
01105,"062  ","0620901","ホッカイドウ","サッポロシトヨヒラク","トヨヒラ1ジョウ","北海道","札幌市豊平区","豊平一条",0,0,1,0,0,0
01105,"062  ","0620902","ホッカイドウ","サッポロシトヨヒラク","トヨヒラ2ジョウ","北海道","札幌市豊平区","豊平二条",0,0,1,0,0,0
01105,"062  ","0620903","ホッカイドウ","サッポロシトヨヒラク","トヨヒラ3ジョウ","北海道","札幌市豊平区","豊平三条",0,0,1,0,0,0
01105,"062  ","0620904","ホッカイドウ","サッポロシトヨヒラク","トヨヒラ4ジョウ","北海道","札幌市豊平区","豊平四条",0,0,1,0,0,0
01105,"062  ","0620905","ホッカイドウ","サッポロシトヨヒラク","トヨヒラ5ジョウ","北海道","札幌市豊平区","豊平五条",0,0,1,0,0,0
01105,"062  ","0620906","ホッカイドウ","サッポロシトヨヒラク","トヨヒラ6ジョウ","北海道","札幌市豊平区","豊平六条",0,0,1,0,0,0
01105,"062  ","0620907","ホッカイドウ","サッポロシトヨヒラク","トヨヒラ7ジョウ","北海道","札幌市豊平区","豊平七条",0,0,1,0,0,0
01105,"062  ","0620908","ホッカイドウ","サッポロシトヨヒラク","トヨヒラ8ジョウ","北海道","札幌市豊平区","豊平八条",0,0,1,0,0,0
01105,"062  ","0620909","ホッカイドウ","サッポロシトヨヒラク","トヨヒラ9ジョウ","北海道","札幌市豊平区","豊平九条",0,0,1,0,0,0
01105,"062  ","0620921","ホッカイドウ","サッポロシトヨヒラク","ナカノシマ1ジョウ","北海道","札幌市豊平区","中の島一条",0,0,1,0,0,0
01105,"062  ","0620922","ホッカイドウ","サッポロシトヨヒラク","ナカノシマ2ジョウ","北海道","札幌市豊平区","中の島二条",0,0,1,0,0,0
01105,"062  ","0620039","ホッカイドウ","サッポロシトヨヒラク","ニシオカ","北海道","札幌市豊平区","西岡",0,0,0,0,0,0
01105,"062  ","0620031","ホッカイドウ","サッポロシトヨヒラク","ニシオカ1ジョウ","北海道","札幌市豊平区","西岡一条",0,0,1,0,0,0
01105,"062  ","0620032","ホッカイドウ","サッポロシトヨヒラク","ニシオカ2ジョウ","北海道","札幌市豊平区","西岡二条",0,0,1,0,0,0
01105,"062  ","0620033","ホッカイドウ","サッポロシトヨヒラク","ニシオカ3ジョウ","北海道","札幌市豊平区","西岡三条",0,0,1,0,0,0
01105,"062  ","0620034","ホッカイドウ","サッポロシトヨヒラク","ニシオカ4ジョウ","北海道","札幌市豊平区","西岡四条",0,0,1,0,0,0
01105,"062  ","0620035","ホッカイドウ","サッポロシトヨヒラク","ニシオカ5ジョウ","北海道","札幌市豊平区","西岡五条",0,0,1,0,0,0
01105,"062  ","0620045","ホッカイドウ","サッポロシトヨヒラク","ヒツジガオカ","北海道","札幌市豊平区","羊ケ丘",0,0,0,0,0,0
01105,"062  ","0620931","ホッカイドウ","サッポロシトヨヒラク","ヒラギシ1ジョウ","北海道","札幌市豊平区","平岸一条",0,0,1,0,0,0
01105,"062  ","0620932","ホッカイドウ","サッポロシトヨヒラク","ヒラギシ2ジョウ","北海道","札幌市豊平区","平岸二条",0,0,1,0,0,0
01105,"062  ","0620933","ホッカイドウ","サッポロシトヨヒラク","ヒラギシ3ジョウ","北海道","札幌市豊平区","平岸三条",0,0,1,0,0,0
01105,"062  ","0620934","ホッカイドウ","サッポロシトヨヒラク","ヒラギシ4ジョウ","北海道","札幌市豊平区","平岸四条",0,0,1,0,0,0
01105,"062  ","0620935","ホッカイドウ","サッポロシトヨヒラク","ヒラギシ5ジョウ","北海道","札幌市豊平区","平岸五条",0,0,1,0,0,0
01105,"062  ","0620936","ホッカイドウ","サッポロシトヨヒラク","ヒラギシ6ジョウ","北海道","札幌市豊平区","平岸六条",0,0,1,0,0,0
01105,"062  ","0620937","ホッカイドウ","サッポロシトヨヒラク","ヒラギシ7ジョウ","北海道","札幌市豊平区","平岸七条",0,0,1,0,0,0
01105,"062  ","0620938","ホッカイドウ","サッポロシトヨヒラク","ヒラギシ8ジョウ","北海道","札幌市豊平区","平岸八条",0,0,1,0,0,0
01105,"062  ","0620041","ホッカイドウ","サッポロシトヨヒラク","フクズミ1ジョウ","北海道","札幌市豊平区","福住一条",0,0,1,0,0,0
01105,"062  ","0620042","ホッカイドウ","サッポロシトヨヒラク","フクズミ2ジョウ","北海道","札幌市豊平区","福住二条",0,0,1,0,0,0
01105,"062  ","0620043","ホッカイドウ","サッポロシトヨヒラク","フクズミ3ジョウ","北海道","札幌市豊平区","福住三条",0,0,1,0,0,0
01105,"062  ","0620001","ホッカイドウ","サッポロシトヨヒラク","ミソノ1ジョウ","北海道","札幌市豊平区","美園一条",0,0,1,0,0,0
01105,"062  ","0620002","ホッカイドウ","サッポロシトヨヒラク","ミソノ2ジョウ","北海道","札幌市豊平区","美園二条",0,0,1,0,0,0
01105,"062  ","0620003","ホッカイドウ","サッポロシトヨヒラク","ミソノ3ジョウ","北海道","札幌市豊平区","美園三条",0,0,1,0,0,0
01105,"062  ","0620004","ホッカイドウ","サッポロシトヨヒラク","ミソノ4ジョウ","北海道","札幌市豊平区","美園四条",0,0,1,0,0,0
01105,"062  ","0620005","ホッカイドウ","サッポロシトヨヒラク","ミソノ5ジョウ","北海道","札幌市豊平区","美園五条",0,0,1,0,0,0
01105,"062  ","0620006","ホッカイドウ","サッポロシトヨヒラク","ミソノ6ジョウ","北海道","札幌市豊平区","美園六条",0,0,1,0,0,0
01105,"062  ","0620007","ホッカイドウ","サッポロシトヨヒラク","ミソノ7ジョウ","北海道","札幌市豊平区","美園七条",0,0,1,0,0,0
01105,"062  ","0620008","ホッカイドウ","サッポロシトヨヒラク","ミソノ8ジョウ","北海道","札幌市豊平区","美園八条",0,0,1,0,0,0
01105,"062  ","0620009","ホッカイドウ","サッポロシトヨヒラク","ミソノ9ジョウ","北海道","札幌市豊平区","美園九条",0,0,1,0,0,0
01105,"062  ","0620010","ホッカイドウ","サッポロシトヨヒラク","ミソノ10ジョウ","北海道","札幌市豊平区","美園十条",0,0,1,0,0,0
01105,"062  ","0620011","ホッカイドウ","サッポロシトヨヒラク","ミソノ11ジョウ","北海道","札幌市豊平区","美園十一条",0,0,1,0,0,0
01105,"062  ","0620012","ホッカイドウ","サッポロシトヨヒラク","ミソノ12ジョウ","北海道","札幌市豊平区","美園十二条",0,0,1,0,0,0
01106,"005  ","0050000","ホッカイドウ","サッポロシミナミク","イカニケイサイガナイバアイ","北海道","札幌市南区","以下に掲載がない場合",0,0,0,0,0,0
01106,"005  ","0050849","ホッカイドウ","サッポロシミナミク","イシヤマ","北海道","札幌市南区","石山",0,0,0,0,0,0
01106,"005  ","0050850","ホッカイドウ","サッポロシミナミク","イシヤマヒガシ","北海道","札幌市南区","石山東",0,0,1,0,0,0
01106,"005  ","0050841","ホッカイドウ","サッポロシミナミク","イシヤマ1ジョウ","北海道","札幌市南区","石山一条",0,0,1,0,0,0
01106,"005  ","0050842","ホッカイドウ","サッポロシミナミク","イシヤマ2ジョウ","北海道","札幌市南区","石山二条",0,0,1,0,0,0
01106,"005  ","0050843","ホッカイドウ","サッポロシミナミク","イシヤマ3ジョウ","北海道","札幌市南区","石山三条",0,0,1,0,0,0
01106,"005  ","0050844","ホッカイドウ","サッポロシミナミク","イシヤマ4ジョウ","北海道","札幌市南区","石山四条",0,0,1,0,0,0
01106,"005  ","0050801","ホッカイドウ","サッポロシミナミク","カワゾエ1ジョウ","北海道","札幌市南区","川沿一条",0,0,1,0,0,0
01106,"005  ","0050802","ホッカイドウ","サッポロシミナミク","カワゾエ2ジョウ","北海道","札幌市南区","川沿二条",0,0,1,0,0,0
01106,"005  ","0050803","ホッカイドウ","サッポロシミナミク","カワゾエ3ジョウ","北海道","札幌市南区","川沿三条",0,0,1,0,0,0
01106,"005  ","0050804","ホッカイドウ","サッポロシミナミク","カワゾエ4ジョウ","北海道","札幌市南区","川沿四条",0,0,1,0,0,0
01106,"005  ","0050805","ホッカイドウ","サッポロシミナミク","カワゾエ5ジョウ","北海道","札幌市南区","川沿五条",0,0,1,0,0,0
01106,"005  ","0050806","ホッカイドウ","サッポロシミナミク","カワゾエ6ジョウ","北海道","札幌市南区","川沿六条",0,0,1,0,0,0
01106,"005  ","0050807","ホッカイドウ","サッポロシミナミク","カワゾエ7ジョウ","北海道","札幌市南区","川沿七条",0,0,1,0,0,0
01106,"005  ","0050808","ホッカイドウ","サッポロシミナミク","カワゾエ8ジョウ","北海道","札幌市南区","川沿八条",0,0,1,0,0,0
01106,"005  ","0050809","ホッカイドウ","サッポロシミナミク","カワゾエ9ジョウ","北海道","札幌市南区","川沿九条",0,0,1,0,0,0
01106,"005  ","0050810","ホッカイドウ","サッポロシミナミク","カワゾエ10ジョウ","北海道","札幌市南区","川沿十条",0,0,1,0,0,0
01106,"005  ","0050811","ホッカイドウ","サッポロシミナミク","カワゾエ11ジョウ","北海道","札幌市南区","川沿十一条",0,0,1,0,0,0
01106,"005  ","0050812","ホッカイドウ","サッポロシミナミク","カワゾエ12ジョウ","北海道","札幌市南区","川沿十二条",0,0,1,0,0,0
01106,"005  ","0050813","ホッカイドウ","サッポロシミナミク","カワゾエ13ジョウ","北海道","札幌市南区","川沿十三条",0,0,1,0,0,0
01106,"005  ","0050814","ホッカイドウ","サッポロシミナミク","カワゾエ14ジョウ","北海道","札幌市南区","川沿十四条",0,0,1,0,0,0
01106,"005  ","0050815","ホッカイドウ","サッポロシミナミク","カワゾエ15ジョウ","北海道","札幌市南区","川沿十五条",0,0,1,0,0,0
01106,"005  ","0050816","ホッカイドウ","サッポロシミナミク","カワゾエ16ジョウ","北海道","札幌市南区","川沿十六条",0,0,1,0,0,0
01106,"005  ","0050817","ホッカイドウ","サッポロシミナミク","カワゾエ17ジョウ","北海道","札幌市南区","川沿十七条",0,0,1,0,0,0
01106,"005  ","0050818","ホッカイドウ","サッポロシミナミク","カワゾエ18ジョウ","北海道","札幌市南区","川沿十八条",0,0,1,0,0,0
01106,"005  ","0050832","ホッカイドウ","サッポロシミナミク","キタノサワ","北海道","札幌市南区","北ノ沢",0,0,1,0,0,0
01106,"005  ","0050864","ホッカイドウ","サッポロシミナミク","ゲイジュツノモリ","北海道","札幌市南区","芸術の森",0,0,1,0,0,0
01106,"06122","0612274","ホッカイドウ","サッポロシミナミク","コガネユ","北海道","札幌市南区","小金湯",0,0,0,0,0,0
01106,"06123","0612301","ホッカイドウ","サッポロシミナミク","ジョウザンケイ","北海道","札幌市南区","定山渓",0,0,0,0,0,0
01106,"06123","0612302","ホッカイドウ","サッポロシミナミク","ジョウザンケイオンセンヒガシ","北海道","札幌市南区","定山渓温泉東",0,0,1,0,0,0
01106,"06123","0612303","ホッカイドウ","サッポロシミナミク","ジョウザンケイオンセンニシ","北海道","札幌市南区","定山渓温泉西",0,0,1,0,0,0
01106,"06122","0612276","ホッカイドウ","サッポロシミナミク","シラカワ","北海道","札幌市南区","白川",0,0,0,0,0,0
01106,"005  ","0050007","ホッカイドウ","サッポロシミナミク","スミカワ","北海道","札幌市南区","澄川",0,0,0,0,0,0
01106,"005  ","0050001","ホッカイドウ","サッポロシミナミク","スミカワ1ジョウ","北海道","札幌市南区","澄川一条",0,0,1,0,0,0
01106,"005  ","0050002","ホッカイドウ","サッポロシミナミク","スミカワ2ジョウ","北海道","札幌市南区","澄川二条",0,0,1,0,0,0
01106,"005  ","0050003","ホッカイドウ","サッポロシミナミク","スミカワ3ジョウ","北海道","札幌市南区","澄川三条",0,0,1,0,0,0
01106,"005  ","0050004","ホッカイドウ","サッポロシミナミク","スミカワ4ジョウ","北海道","札幌市南区","澄川四条",0,0,1,0,0,0
01106,"005  ","0050005","ホッカイドウ","サッポロシミナミク","スミカワ5ジョウ","北海道","札幌市南区","澄川五条",0,0,1,0,0,0
01106,"005  ","0050006","ホッカイドウ","サッポロシミナミク","スミカワ6ジョウ","北海道","札幌市南区","澄川六条",0,0,1,0,0,0
01106,"005  ","0050862","ホッカイドウ","サッポロシミナミク","タキノ","北海道","札幌市南区","滝野",0,0,0,0,0,0
01106,"005  ","0050830","ホッカイドウ","サッポロシミナミク","トイシヤマ","北海道","札幌市南区","砥石山",0,0,0,0,0,0
01106,"005  ","0050865","ホッカイドウ","サッポロシミナミク","トキワ(1-131バンチ)","北海道","札幌市南区","常盤（１〜１３１番地）",1,0,0,0,0,0
01106,"005  ","0050863","ホッカイドウ","サッポロシミナミク","トキワ(ソノタ)","北海道","札幌市南区","常盤（その他）",1,0,0,0,0,0
01106,"005  ","0050851","ホッカイドウ","サッポロシミナミク","トキワ1ジョウ","北海道","札幌市南区","常盤一条",0,0,1,0,0,0
01106,"005  ","0050852","ホッカイドウ","サッポロシミナミク","トキワ2ジョウ","北海道","札幌市南区","常盤二条",0,0,1,0,0,0
01106,"005  ","0050853","ホッカイドウ","サッポロシミナミク","トキワ3ジョウ","北海道","札幌市南区","常盤三条",0,0,1,0,0,0
01106,"005  ","0050854","ホッカイドウ","サッポロシミナミク","トキワ4ジョウ","北海道","札幌市南区","常盤四条",0,0,1,0,0,0
01106,"005  ","0050855","ホッカイドウ","サッポロシミナミク","トキワ5ジョウ","北海道","札幌市南区","常盤五条",0,0,1,0,0,0
01106,"005  ","0050856","ホッカイドウ","サッポロシミナミク","トキワ6ジョウ","北海道","札幌市南区","常盤六条",0,0,1,0,0,0
01106,"06122","0612275","ホッカイドウ","サッポロシミナミク","トヤマ","北海道","札幌市南区","砥山",0,0,0,0,0,0
01106,"06122","0612273","ホッカイドウ","サッポロシミナミク","トヨタキ","北海道","札幌市南区","豊滝",0,0,1,0,0,0
01106,"005  ","0050831","ホッカイドウ","サッポロシミナミク","ナカノサワ","北海道","札幌市南区","中ノ沢",0,0,1,0,0,0
01106,"005  ","0050840","ホッカイドウ","サッポロシミナミク","フジノ(400、400-2バンチ)","北海道","札幌市南区","藤野（４００、４００−２番地）",1,0,0,0,0,0
01106,"06122","0612271","ホッカイドウ","サッポロシミナミク","フジノ(ソノタ)","北海道","札幌市南区","藤野（その他）",1,0,0,0,0,0
01106,"06122","0612281","ホッカイドウ","サッポロシミナミク","フジノ1ジョウ","北海道","札幌市南区","藤野一条",0,0,1,0,0,0
01106,"06122","0612282","ホッカイドウ","サッポロシミナミク","フジノ2ジョウ","北海道","札幌市南区","藤野二条",0,0,1,0,0,0
01106,"06122","0612283","ホッカイドウ","サッポロシミナミク","フジノ3ジョウ","北海道","札幌市南区","藤野三条",0,0,1,0,0,0
01106,"06122","0612284","ホッカイドウ","サッポロシミナミク","フジノ4ジョウ","北海道","札幌市南区","藤野四条",0,0,1,0,0,0
01106,"06122","0612285","ホッカイドウ","サッポロシミナミク","フジノ5ジョウ","北海道","札幌市南区","藤野五条",0,0,1,0,0,0
01106,"06122","0612286","ホッカイドウ","サッポロシミナミク","フジノ6ジョウ","北海道","札幌市南区","藤野六条",0,0,1,0,0,0
01106,"005  ","0050008","ホッカイドウ","サッポロシミナミク","マコマナイ(17バンチ)","北海道","札幌市南区","真駒内（１７番地）",1,0,0,0,0,0
01106,"005  ","0050861","ホッカイドウ","サッポロシミナミク","マコマナイ(ソノタ)","北海道","札幌市南区","真駒内（その他）",1,0,0,0,0,0
01106,"005  ","0050018","ホッカイドウ","サッポロシミナミク","マコマナイアケボノチョウ","北海道","札幌市南区","真駒内曙町",0,0,1,0,0,0
01106,"005  ","0050015","ホッカイドウ","サッポロシミナミク","マコマナイイズミマチ","北海道","札幌市南区","真駒内泉町",0,0,1,0,0,0
01106,"005  ","0050022","ホッカイドウ","サッポロシミナミク","マコマナイカシワオカ","北海道","札幌市南区","真駒内柏丘",0,0,1,0,0,0
01106,"005  ","0050012","ホッカイドウ","サッポロシミナミク","マコマナイカミマチ","北海道","札幌市南区","真駒内上町",0,0,1,0,0,0
01106,"005  ","0050014","ホッカイドウ","サッポロシミナミク","マコマナイサイワイマチ","北海道","札幌市南区","真駒内幸町",0,0,1,0,0,0
01106,"005  ","0050011","ホッカイドウ","サッポロシミナミク","マコマナイヒガシマチ","北海道","札幌市南区","真駒内東町",0,0,1,0,0,0
01106,"005  ","0050021","ホッカイドウ","サッポロシミナミク","マコマナイホンチョウ","北海道","札幌市南区","真駒内本町",0,0,1,0,0,0
01106,"005  ","0050013","ホッカイドウ","サッポロシミナミク","マコマナイミドリマチ","北海道","札幌市南区","真駒内緑町",0,0,1,0,0,0
01106,"005  ","0050016","ホッカイドウ","サッポロシミナミク","マコマナイミナミマチ","北海道","札幌市南区","真駒内南町",0,0,1,0,0,0
01106,"005  ","0050017","ホッカイドウ","サッポロシミナミク","マコマナイコウエン","北海道","札幌市南区","真駒内公園",0,0,0,0,0,0
01106,"06122","0612261","ホッカイドウ","サッポロシミナミク","ミスマイ1ジョウ","北海道","札幌市南区","簾舞一条",0,0,1,0,0,0
01106,"06122","0612262","ホッカイドウ","サッポロシミナミク","ミスマイ2ジョウ","北海道","札幌市南区","簾舞二条",0,0,1,0,0,0
01106,"06122","0612263","ホッカイドウ","サッポロシミナミク","ミスマイ3ジョウ","北海道","札幌市南区","簾舞三条",0,0,0,0,0,0
01106,"06122","0612264","ホッカイドウ","サッポロシミナミク","ミスマイ4ジョウ","北海道","札幌市南区","簾舞四条",0,0,0,0,0,0
01106,"06122","0612265","ホッカイドウ","サッポロシミナミク","ミスマイ5ジョウ","北海道","札幌市南区","簾舞五条",0,0,0,0,0,0
01106,"06122","0612266","ホッカイドウ","サッポロシミナミク","ミスマイ6ジョウ","北海道","札幌市南区","簾舞六条",0,0,0,0,0,0
01106,"06122","0612272","ホッカイドウ","サッポロシミナミク","ミスマイ(ソノタ)","北海道","札幌市南区","簾舞（その他）",0,0,0,0,0,0
01106,"005  ","0050827","ホッカイドウ","サッポロシミナミク","ミナミサワ","北海道","札幌市南区","南沢",0,0,0,0,0,0
01106,"005  ","0050821","ホッカイドウ","サッポロシミナミク","ミナミサワ1ジョウ","北海道","札幌市南区","南沢一条",0,0,1,0,0,0
01106,"005  ","0050822","ホッカイドウ","サッポロシミナミク","ミナミサワ2ジョウ","北海道","札幌市南区","南沢二条",0,0,1,0,0,0
01106,"005  ","0050823","ホッカイドウ","サッポロシミナミク","ミナミサワ3ジョウ","北海道","札幌市南区","南沢三条",0,0,1,0,0,0
01106,"005  ","0050824","ホッカイドウ","サッポロシミナミク","ミナミサワ4ジョウ","北海道","札幌市南区","南沢四条",0,0,1,0,0,0
01106,"005  ","0050825","ホッカイドウ","サッポロシミナミク","ミナミサワ5ジョウ","北海道","札幌市南区","南沢五条",0,0,1,0,0,0
01106,"005  ","0050826","ホッカイドウ","サッポロシミナミク","ミナミサワ6ジョウ","北海道","札幌市南区","南沢六条",0,0,1,0,0,0
01106,"005  ","0050030","ホッカイドウ","サッポロシミナミク","ミナミ30ジョウニシ(8チョウメ)","北海道","札幌市南区","南三十条西（８丁目）",0,0,1,0,0,0
01106,"005  ","0050031","ホッカイドウ","サッポロシミナミク","ミナミ31ジョウニシ","北海道","札幌市南区","南三十一条西",0,0,1,0,0,0
01106,"005  ","0050032","ホッカイドウ","サッポロシミナミク","ミナミ32ジョウニシ","北海道","札幌市南区","南三十二条西",0,0,1,0,0,0
01106,"005  ","0050033","ホッカイドウ","サッポロシミナミク","ミナミ33ジョウニシ","北海道","札幌市南区","南三十三条西",0,0,1,0,0,0
01106,"005  ","0050034","ホッカイドウ","サッポロシミナミク","ミナミ34ジョウニシ","北海道","札幌市南区","南三十四条西",0,0,1,0,0,0
01106,"005  ","0050035","ホッカイドウ","サッポロシミナミク","ミナミ35ジョウニシ","北海道","札幌市南区","南三十五条西",0,0,1,0,0,0
01106,"005  ","0050036","ホッカイドウ","サッポロシミナミク","ミナミ36ジョウニシ","北海道","札幌市南区","南三十六条西",0,0,1,0,0,0
01106,"005  ","0050037","ホッカイドウ","サッポロシミナミク","ミナミ37ジョウニシ","北海道","札幌市南区","南三十七条西",0,0,1,0,0,0
01106,"005  ","0050038","ホッカイドウ","サッポロシミナミク","ミナミ38ジョウニシ","北海道","札幌市南区","南三十八条西",0,0,1,0,0,0
01106,"005  ","0050039","ホッカイドウ","サッポロシミナミク","ミナミ39ジョウニシ","北海道","札幌市南区","南三十九条西",0,0,1,0,0,0
01106,"005  ","0050040","ホッカイドウ","サッポロシミナミク","モイワシタ","北海道","札幌市南区","藻岩下",0,0,1,0,0,0
01106,"005  ","0050041","ホッカイドウ","サッポロシミナミク","モイワヤマ","北海道","札幌市南区","藻岩山",0,0,0,0,0,0
01107,"063  ","0630000","ホッカイドウ","サッポロシニシク","イカニケイサイガナイバアイ","北海道","札幌市西区","以下に掲載がない場合",0,0,0,0,0,0
01107,"063  ","0630811","ホッカイドウ","サッポロシニシク","コトニ1ジョウ","北海道","札幌市西区","琴似一条",0,0,1,0,0,0
01107,"063  ","0630812","ホッカイドウ","サッポロシニシク","コトニ2ジョウ","北海道","札幌市西区","琴似二条",0,0,1,0,0,0
01107,"063  ","0630813","ホッカイドウ","サッポロシニシク","コトニ3ジョウ","北海道","札幌市西区","琴似三条",0,0,1,0,0,0
01107,"063  ","0630814","ホッカイドウ","サッポロシニシク","コトニ4ジョウ","北海道","札幌市西区","琴似四条",0,0,1,0,0,0
01107,"063  ","0630011","ホッカイドウ","サッポロシニシク","コベツザワ","北海道","札幌市西区","小別沢",0,0,0,0,0,0
01107,"063  ","0630049","ホッカイドウ","サッポロシニシク","ニシノ","北海道","札幌市西区","西野",0,0,0,0,0,0
01107,"063  ","0630031","ホッカイドウ","サッポロシニシク","ニシノ1ジョウ","北海道","札幌市西区","西野一条",0,0,1,0,0,0
01107,"063  ","0630032","ホッカイドウ","サッポロシニシク","ニシノ2ジョウ","北海道","札幌市西区","西野二条",0,0,1,0,0,0
01107,"063  ","0630033","ホッカイドウ","サッポロシニシク","ニシノ3ジョウ","北海道","札幌市西区","西野三条",0,0,1,0,0,0
01107,"063  ","0630034","ホッカイドウ","サッポロシニシク","ニシノ4ジョウ","北海道","札幌市西区","西野四条",0,0,1,0,0,0
01107,"063  ","0630035","ホッカイドウ","サッポロシニシク","ニシノ5ジョウ","北海道","札幌市西区","西野五条",0,0,1,0,0,0
01107,"063  ","0630036","ホッカイドウ","サッポロシニシク","ニシノ6ジョウ","北海道","札幌市西区","西野六条",0,0,1,0,0,0
01107,"063  ","0630037","ホッカイドウ","サッポロシニシク","ニシノ7ジョウ","北海道","札幌市西区","西野七条",0,0,1,0,0,0
01107,"063  ","0630038","ホッカイドウ","サッポロシニシク","ニシノ8ジョウ","北海道","札幌市西区","西野八条",0,0,1,0,0,0
01107,"063  ","0630039","ホッカイドウ","サッポロシニシク","ニシノ9ジョウ","北海道","札幌市西区","西野九条",0,0,1,0,0,0
01107,"063  ","0630040","ホッカイドウ","サッポロシニシク","ニシノ10ジョウ","北海道","札幌市西区","西野十条",0,0,1,0,0,0
01107,"063  ","0630041","ホッカイドウ","サッポロシニシク","ニシノ11ジョウ","北海道","札幌市西区","西野十一条",0,0,1,0,0,0
01107,"063  ","0630042","ホッカイドウ","サッポロシニシク","ニシノ12ジョウ","北海道","札幌市西区","西野十二条",0,0,1,0,0,0
01107,"063  ","0630043","ホッカイドウ","サッポロシニシク","ニシノ13ジョウ","北海道","札幌市西区","西野十三条",0,0,1,0,0,0
01107,"063  ","0630044","ホッカイドウ","サッポロシニシク","ニシノ14ジョウ","北海道","札幌市西区","西野十四条",0,0,1,0,0,0
01107,"063  ","0630062","ホッカイドウ","サッポロシニシク","ニシマチミナミ","北海道","札幌市西区","西町南",0,0,1,0,0,0
01107,"063  ","0630061","ホッカイドウ","サッポロシニシク","ニシマチキタ","北海道","札幌市西区","西町北",0,0,1,0,0,0
01107,"063  ","0630801","ホッカイドウ","サッポロシニシク","ニジュウヨンケン1ジョウ","北海道","札幌市西区","二十四軒一条",0,0,1,0,0,0
01107,"063  ","0630802","ホッカイドウ","サッポロシニシク","ニジュウヨンケン2ジョウ","北海道","札幌市西区","二十四軒二条",0,0,1,0,0,0
01107,"063  ","0630803","ホッカイドウ","サッポロシニシク","ニジュウヨンケン3ジョウ","北海道","札幌市西区","二十四軒三条",0,0,1,0,0,0
01107,"063  ","0630804","ホッカイドウ","サッポロシニシク","ニジュウヨンケン4ジョウ","北海道","札幌市西区","二十四軒四条",0,0,1,0,0,0
01107,"063  ","0630861","ホッカイドウ","サッポロシニシク","ハチケン1ジョウヒガシ","北海道","札幌市西区","八軒一条東",0,0,1,0,0,0
01107,"063  ","0630841","ホッカイドウ","サッポロシニシク","ハチケン1ジョウニシ","北海道","札幌市西区","八軒一条西",0,0,1,0,0,0
01107,"063  ","0630862","ホッカイドウ","サッポロシニシク","ハチケン2ジョウヒガシ","北海道","札幌市西区","八軒二条東",0,0,1,0,0,0
01107,"063  ","0630842","ホッカイドウ","サッポロシニシク","ハチケン2ジョウニシ","北海道","札幌市西区","八軒二条西",0,0,1,0,0,0
01107,"063  ","0630863","ホッカイドウ","サッポロシニシク","ハチケン3ジョウヒガシ","北海道","札幌市西区","八軒三条東",0,0,1,0,0,0
01107,"063  ","0630843","ホッカイドウ","サッポロシニシク","ハチケン3ジョウニシ","北海道","札幌市西区","八軒三条西",0,0,1,0,0,0
01107,"063  ","0630864","ホッカイドウ","サッポロシニシク","ハチケン4ジョウヒガシ","北海道","札幌市西区","八軒四条東",0,0,1,0,0,0
01107,"063  ","0630844","ホッカイドウ","サッポロシニシク","ハチケン4ジョウニシ","北海道","札幌市西区","八軒四条西",0,0,1,0,0,0
01107,"063  ","0630865","ホッカイドウ","サッポロシニシク","ハチケン5ジョウヒガシ","北海道","札幌市西区","八軒五条東",0,0,1,0,0,0
01107,"063  ","0630845","ホッカイドウ","サッポロシニシク","ハチケン5ジョウニシ","北海道","札幌市西区","八軒五条西",0,0,1,0,0,0
01107,"063  ","0630866","ホッカイドウ","サッポロシニシク","ハチケン6ジョウヒガシ","北海道","札幌市西区","八軒六条東",0,0,1,0,0,0
01107,"063  ","0630846","ホッカイドウ","サッポロシニシク","ハチケン6ジョウニシ","北海道","札幌市西区","八軒六条西",0,0,1,0,0,0
01107,"063  ","0630867","ホッカイドウ","サッポロシニシク","ハチケン7ジョウヒガシ","北海道","札幌市西区","八軒七条東",0,0,1,0,0,0
01107,"063  ","0630847","ホッカイドウ","サッポロシニシク","ハチケン7ジョウニシ","北海道","札幌市西区","八軒七条西",0,0,1,0,0,0
01107,"063  ","0630868","ホッカイドウ","サッポロシニシク","ハチケン8ジョウヒガシ","北海道","札幌市西区","八軒八条東",0,0,1,0,0,0
01107,"063  ","0630848","ホッカイドウ","サッポロシニシク","ハチケン8ジョウニシ","北海道","札幌市西区","八軒八条西",0,0,1,0,0,0
01107,"063  ","0630869","ホッカイドウ","サッポロシニシク","ハチケン9ジョウヒガシ","北海道","札幌市西区","八軒九条東",0,0,1,0,0,0
01107,"063  ","0630849","ホッカイドウ","サッポロシニシク","ハチケン9ジョウニシ","北海道","札幌市西区","八軒九条西",0,0,1,0,0,0
01107,"063  ","0630870","ホッカイドウ","サッポロシニシク","ハチケン10ジョウヒガシ","北海道","札幌市西区","八軒十条東",0,0,1,0,0,0
01107,"063  ","0630850","ホッカイドウ","サッポロシニシク","ハチケン10ジョウニシ","北海道","札幌市西区","八軒十条西",0,0,1,0,0,0
01107,"063  ","0630821","ホッカイドウ","サッポロシニシク","ハッサム1ジョウ","北海道","札幌市西区","発寒一条",0,0,1,0,0,0
01107,"063  ","0630822","ホッカイドウ","サッポロシニシク","ハッサム2ジョウ","北海道","札幌市西区","発寒二条",0,0,1,0,0,0
01107,"063  ","0630823","ホッカイドウ","サッポロシニシク","ハッサム3ジョウ","北海道","札幌市西区","発寒三条",0,0,1,0,0,0
01107,"063  ","0630824","ホッカイドウ","サッポロシニシク","ハッサム4ジョウ","北海道","札幌市西区","発寒四条",0,0,1,0,0,0
01107,"063  ","0630825","ホッカイドウ","サッポロシニシク","ハッサム5ジョウ","北海道","札幌市西区","発寒五条",0,0,1,0,0,0
01107,"063  ","0630826","ホッカイドウ","サッポロシニシク","ハッサム6ジョウ","北海道","札幌市西区","発寒六条",0,0,1,0,0,0
01107,"063  ","0630827","ホッカイドウ","サッポロシニシク","ハッサム7ジョウ","北海道","札幌市西区","発寒七条",0,0,1,0,0,0
01107,"063  ","0630828","ホッカイドウ","サッポロシニシク","ハッサム8ジョウ","北海道","札幌市西区","発寒八条",0,0,1,0,0,0
01107,"063  ","0630829","ホッカイドウ","サッポロシニシク","ハッサム9ジョウ","北海道","札幌市西区","発寒九条",0,0,1,0,0,0
01107,"063  ","0630830","ホッカイドウ","サッポロシニシク","ハッサム10ジョウ","北海道","札幌市西区","発寒十条",0,0,1,0,0,0
01107,"063  ","0630831","ホッカイドウ","サッポロシニシク","ハッサム11ジョウ","北海道","札幌市西区","発寒十一条",0,0,1,0,0,0
01107,"063  ","0630832","ホッカイドウ","サッポロシニシク","ハッサム12ジョウ","北海道","札幌市西区","発寒十二条",0,0,1,0,0,0
01107,"063  ","0630833","ホッカイドウ","サッポロシニシク","ハッサム13ジョウ","北海道","札幌市西区","発寒十三条",0,0,1,0,0,0
01107,"063  ","0630834","ホッカイドウ","サッポロシニシク","ハッサム14ジョウ","北海道","札幌市西区","発寒十四条",0,0,1,0,0,0
01107,"063  ","0630835","ホッカイドウ","サッポロシニシク","ハッサム15ジョウ","北海道","札幌市西区","発寒十五条",0,0,1,0,0,0
01107,"063  ","0630836","ホッカイドウ","サッポロシニシク","ハッサム16ジョウ","北海道","札幌市西区","発寒十六条",0,0,1,0,0,0
01107,"063  ","0630837","ホッカイドウ","サッポロシニシク","ハッサム17ジョウ","北海道","札幌市西区","発寒十七条",0,0,1,0,0,0
01107,"063  ","0630012","ホッカイドウ","サッポロシニシク","フクイ","北海道","札幌市西区","福井",0,0,1,0,0,0
01107,"063  ","0630029","ホッカイドウ","サッポロシニシク","ヘイワ","北海道","札幌市西区","平和",0,0,0,0,0,0
01107,"063  ","0630021","ホッカイドウ","サッポロシニシク","ヘイワ1ジョウ","北海道","札幌市西区","平和一条",0,0,1,0,0,0
01107,"063  ","0630022","ホッカイドウ","サッポロシニシク","ヘイワ2ジョウ","北海道","札幌市西区","平和二条",0,0,1,0,0,0
01107,"063  ","0630023","ホッカイドウ","サッポロシニシク","ヘイワ3ジョウ","北海道","札幌市西区","平和三条",0,0,1,0,0,0
01107,"063  ","0630059","ホッカイドウ","サッポロシニシク","ミヤノサワ","北海道","札幌市西区","宮の沢",0,0,0,0,0,0
01107,"063  ","0630051","ホッカイドウ","サッポロシニシク","ミヤノサワ1ジョウ","北海道","札幌市西区","宮の沢一条",0,0,1,0,0,0
01107,"063  ","0630052","ホッカイドウ","サッポロシニシク","ミヤノサワ2ジョウ","北海道","札幌市西区","宮の沢二条",0,0,1,0,0,0
01107,"063  ","0630053","ホッカイドウ","サッポロシニシク","ミヤノサワ3ジョウ","北海道","札幌市西区","宮の沢三条",0,0,1,0,0,0
01107,"063  ","0630054","ホッカイドウ","サッポロシニシク","ミヤノサワ4ジョウ","北海道","札幌市西区","宮の沢四条",0,0,1,0,0,0
01107,"063  ","0630009","ホッカイドウ","サッポロシニシク","ヤマノテ","北海道","札幌市西区","山の手",0,0,0,0,0,0
01107,"063  ","0630001","ホッカイドウ","サッポロシニシク","ヤマノテ1ジョウ","北海道","札幌市西区","山の手一条",0,0,1,0,0,0
01107,"063  ","0630002","ホッカイドウ","サッポロシニシク","ヤマノテ2ジョウ","北海道","札幌市西区","山の手二条",0,0,1,0,0,0
01107,"063  ","0630003","ホッカイドウ","サッポロシニシク","ヤマノテ3ジョウ","北海道","札幌市西区","山の手三条",0,0,1,0,0,0
01107,"063  ","0630004","ホッカイドウ","サッポロシニシク","ヤマノテ4ジョウ","北海道","札幌市西区","山の手四条",0,0,1,0,0,0
01107,"063  ","0630005","ホッカイドウ","サッポロシニシク","ヤマノテ5ジョウ","北海道","札幌市西区","山の手五条",0,0,1,0,0,0
01107,"063  ","0630006","ホッカイドウ","サッポロシニシク","ヤマノテ6ジョウ","北海道","札幌市西区","山の手六条",0,0,1,0,0,0
01107,"063  ","0630007","ホッカイドウ","サッポロシニシク","ヤマノテ7ジョウ","北海道","札幌市西区","山の手七条",0,0,1,0,0,0
01108,"004  ","0040000","ホッカイドウ","サッポロシアツベツク","イカニケイサイガナイバアイ","北海道","札幌市厚別区","以下に掲載がない場合",0,0,0,1,0,0
01108,"004  ","0040021","ホッカイドウ","サッポロシアツベツク","アオバチョウ","北海道","札幌市厚別区","青葉町",0,0,1,0,0,0
01108,"004  ","0040071","ホッカイドウ","サッポロシアツベツク","アツベツキタ1ジョウ","北海道","札幌市厚別区","厚別北一条",0,0,1,0,0,0
01108,"004  ","0040072","ホッカイドウ","サッポロシアツベツク","アツベツキタ2ジョウ","北海道","札幌市厚別区","厚別北二条",0,0,1,0,0,0
01108,"004  ","0040073","ホッカイドウ","サッポロシアツベツク","アツベツキタ3ジョウ","北海道","札幌市厚別区","厚別北三条",0,0,1,0,0,0
01108,"004  ","0040074","ホッカイドウ","サッポロシアツベツク","アツベツキタ4ジョウ","北海道","札幌市厚別区","厚別北四条",0,0,1,0,0,0
01108,"004  ","0040075","ホッカイドウ","サッポロシアツベツク","アツベツキタ5ジョウ","北海道","札幌市厚別区","厚別北五条",0,0,0,0,0,0
01108,"004  ","0040076","ホッカイドウ","サッポロシアツベツク","アツベツキタ6ジョウ","北海道","札幌市厚別区","厚別北六条",0,0,0,0,0,0
01108,"004  ","0040051","ホッカイドウ","サッポロシアツベツク","アツベツチュウオウ1ジョウ","北海道","札幌市厚別区","厚別中央一条",0,0,1,0,0,0
01108,"004  ","0040052","ホッカイドウ","サッポロシアツベツク","アツベツチュウオウ2ジョウ","北海道","札幌市厚別区","厚別中央二条",0,0,1,0,0,0
01108,"004  ","0040053","ホッカイドウ","サッポロシアツベツク","アツベツチュウオウ3ジョウ","北海道","札幌市厚別区","厚別中央三条",0,0,1,0,0,0
01108,"004  ","0040054","ホッカイドウ","サッポロシアツベツク","アツベツチュウオウ4ジョウ","北海道","札幌市厚別区","厚別中央四条",0,0,1,0,0,0
01108,"004  ","0040055","ホッカイドウ","サッポロシアツベツク","アツベツチュウオウ5ジョウ","北海道","札幌市厚別区","厚別中央五条",0,0,1,0,0,0
01108,"004  ","0040039","ホッカイドウ","サッポロシアツベツク","アツベツチョウカミノッポロ","北海道","札幌市厚別区","厚別町上野幌",0,0,0,0,0,0
01108,"004  ","0040007","ホッカイドウ","サッポロシアツベツク","アツベツチョウシモノッポロ","北海道","札幌市厚別区","厚別町下野幌",0,0,0,0,0,0
01108,"004  ","0040006","ホッカイドウ","サッポロシアツベツク","アツベツチョウコノッポロ","北海道","札幌市厚別区","厚別町小野幌",0,0,0,0,0,0
01108,"004  ","0040069","ホッカイドウ","サッポロシアツベツク","アツベツチョウヤマモト","北海道","札幌市厚別区","厚別町山本",0,0,0,0,0,0
01108,"004  ","0040068","ホッカイドウ","サッポロシアツベツク","アツベツニシ","北海道","札幌市厚別区","厚別西",0,0,0,0,0,0
01108,"004  ","0040061","ホッカイドウ","サッポロシアツベツク","アツベツニシ1ジョウ","北海道","札幌市厚別区","厚別西一条",0,0,1,0,0,0
01108,"004  ","0040062","ホッカイドウ","サッポロシアツベツク","アツベツニシ2ジョウ","北海道","札幌市厚別区","厚別西二条",0,0,1,0,0,0
01108,"004  ","0040063","ホッカイドウ","サッポロシアツベツク","アツベツニシ3ジョウ","北海道","札幌市厚別区","厚別西三条",0,0,1,0,0,0
01108,"004  ","0040064","ホッカイドウ","サッポロシアツベツク","アツベツニシ4ジョウ","北海道","札幌市厚別区","厚別西四条",0,0,1,0,0,0
01108,"004  ","0040065","ホッカイドウ","サッポロシアツベツク","アツベツニシ5ジョウ","北海道","札幌市厚別区","厚別西五条",0,0,1,0,0,0
01108,"004  ","0040001","ホッカイドウ","サッポロシアツベツク","アツベツヒガシ1ジョウ","北海道","札幌市厚別区","厚別東一条",0,0,1,0,0,0
01108,"004  ","0040002","ホッカイドウ","サッポロシアツベツク","アツベツヒガシ2ジョウ","北海道","札幌市厚別区","厚別東二条",0,0,1,0,0,0
01108,"004  ","0040003","ホッカイドウ","サッポロシアツベツク","アツベツヒガシ3ジョウ","北海道","札幌市厚別区","厚別東三条",0,0,1,0,0,0
01108,"004  ","0040004","ホッカイドウ","サッポロシアツベツク","アツベツヒガシ4ジョウ","北海道","札幌市厚別区","厚別東四条",0,0,1,0,0,0
01108,"004  ","0040005","ホッカイドウ","サッポロシアツベツク","アツベツヒガシ5ジョウ","北海道","札幌市厚別区","厚別東五条",0,0,1,0,0,0
01108,"004  ","0040022","ホッカイドウ","サッポロシアツベツク","アツベツミナミ","北海道","札幌市厚別区","厚別南",0,0,1,0,0,0
01108,"004  ","0040041","ホッカイドウ","サッポロシアツベツク","オオヤチヒガシ","北海道","札幌市厚別区","大谷地東",0,0,1,0,0,0
01108,"004  ","0040042","ホッカイドウ","サッポロシアツベツク","オオヤチニシ","北海道","札幌市厚別区","大谷地西",0,0,1,0,0,0
01108,"004  ","0040031","ホッカイドウ","サッポロシアツベツク","カミノッポロ1ジョウ","北海道","札幌市厚別区","上野幌一条",0,0,1,0,0,0
01108,"004  ","0040032","ホッカイドウ","サッポロシアツベツク","カミノッポロ2ジョウ","北海道","札幌市厚別区","上野幌二条",0,0,1,0,0,0
01108,"004  ","0040033","ホッカイドウ","サッポロシアツベツク","カミノッポロ3ジョウ","北海道","札幌市厚別区","上野幌三条",0,0,1,0,0,0
01108,"004  ","0040015","ホッカイドウ","サッポロシアツベツク","シモノッポロテクノパーク","北海道","札幌市厚別区","下野幌テクノパーク",0,0,1,0,0,0
01108,"004  ","0040011","ホッカイドウ","サッポロシアツベツク","モミジダイヒガシ","北海道","札幌市厚別区","もみじ台東",0,0,1,0,0,0
01108,"004  ","0040013","ホッカイドウ","サッポロシアツベツク","モミジダイニシ","北海道","札幌市厚別区","もみじ台西",0,0,1,0,0,0
01108,"004  ","0040012","ホッカイドウ","サッポロシアツベツク","モミジダイミナミ","北海道","札幌市厚別区","もみじ台南",0,0,1,0,0,0
01108,"004  ","0040014","ホッカイドウ","サッポロシアツベツク","モミジダイキタ","北海道","札幌市厚別区","もみじ台北",0,0,1,0,0,0
01109,"006  ","0060000","ホッカイドウ","サッポロシテイネク","イカニケイサイガナイバアイ","北海道","札幌市手稲区","以下に掲載がない場合",0,0,0,0,0,0
01109,"006  ","0060831","ホッカイドウ","サッポロシテイネク","アケボノ1ジョウ","北海道","札幌市手稲区","曙一条",0,0,1,0,0,0
01109,"006  ","0060832","ホッカイドウ","サッポロシテイネク","アケボノ2ジョウ","北海道","札幌市手稲区","曙二条",0,0,1,0,0,0
01109,"006  ","0060833","ホッカイドウ","サッポロシテイネク","アケボノ3ジョウ","北海道","札幌市手稲区","曙三条",0,0,1,0,0,0
01109,"006  ","0060834","ホッカイドウ","サッポロシテイネク","アケボノ4ジョウ","北海道","札幌市手稲区","曙四条",0,0,1,0,0,0
01109,"006  ","0060835","ホッカイドウ","サッポロシテイネク","アケボノ5ジョウ","北海道","札幌市手稲区","曙五条",0,0,1,0,0,0
01109,"006  ","0060836","ホッカイドウ","サッポロシテイネク","アケボノ6ジョウ","北海道","札幌市手稲区","曙六条",0,0,1,0,0,0
01109,"006  ","0060837","ホッカイドウ","サッポロシテイネク","アケボノ7ジョウ","北海道","札幌市手稲区","曙七条",0,0,1,0,0,0
01109,"006  ","0060838","ホッカイドウ","サッポロシテイネク","アケボノ8ジョウ","北海道","札幌市手稲区","曙八条",0,0,1,0,0,0
01109,"006  ","0060839","ホッカイドウ","サッポロシテイネク","アケボノ9ジョウ","北海道","札幌市手稲区","曙九条",0,0,1,0,0,0
01109,"006  ","0060840","ホッカイドウ","サッポロシテイネク","アケボノ10ジョウ","北海道","札幌市手稲区","曙十条",0,0,1,0,0,0
01109,"006  ","0060841","ホッカイドウ","サッポロシテイネク","アケボノ11ジョウ","北海道","札幌市手稲区","曙十一条",0,0,1,0,0,0
01109,"006  ","0060842","ホッカイドウ","サッポロシテイネク","アケボノ12ジョウ","北海道","札幌市手稲区","曙十二条",0,0,1,0,0,0
01109,"006  ","0060861","ホッカイドウ","サッポロシテイネク","アスカゼ","北海道","札幌市手稲区","明日風",0,0,1,0,0,0
01109,"006  ","0060031","ホッカイドウ","サッポロシテイネク","イナホ1ジョウ","北海道","札幌市手稲区","稲穂一条",0,0,1,0,0,0
01109,"006  ","0060032","ホッカイドウ","サッポロシテイネク","イナホ2ジョウ","北海道","札幌市手稲区","稲穂二条",0,0,1,0,0,0
01109,"006  ","0060033","ホッカイドウ","サッポロシテイネク","イナホ3ジョウ","北海道","札幌市手稲区","稲穂三条",0,0,1,0,0,0
01109,"006  ","0060034","ホッカイドウ","サッポロシテイネク","イナホ4ジョウ","北海道","札幌市手稲区","稲穂四条",0,0,1,0,0,0
01109,"006  ","0060035","ホッカイドウ","サッポロシテイネク","イナホ5ジョウ","北海道","札幌市手稲区","稲穂五条",0,0,1,0,0,0
01109,"006  ","0060041","ホッカイドウ","サッポロシテイネク","カナヤマ1ジョウ","北海道","札幌市手稲区","金山一条",0,0,1,0,0,0
01109,"006  ","0060042","ホッカイドウ","サッポロシテイネク","カナヤマ2ジョウ","北海道","札幌市手稲区","金山二条",0,0,1,0,0,0
01109,"006  ","0060043","ホッカイドウ","サッポロシテイネク","カナヤマ3ジョウ","北海道","札幌市手稲区","金山三条",0,0,1,0,0,0
01109,"006  ","0060801","ホッカイドウ","サッポロシテイネク","シンハッサム1ジョウ","北海道","札幌市手稲区","新発寒一条",0,0,1,0,0,0
01109,"006  ","0060802","ホッカイドウ","サッポロシテイネク","シンハッサム2ジョウ","北海道","札幌市手稲区","新発寒二条",0,0,1,0,0,0
01109,"006  ","0060803","ホッカイドウ","サッポロシテイネク","シンハッサム3ジョウ","北海道","札幌市手稲区","新発寒三条",0,0,1,0,0,0
01109,"006  ","0060804","ホッカイドウ","サッポロシテイネク","シンハッサム4ジョウ","北海道","札幌市手稲区","新発寒四条",0,0,1,0,0,0
01109,"006  ","0060805","ホッカイドウ","サッポロシテイネク","シンハッサム5ジョウ","北海道","札幌市手稲区","新発寒五条",0,0,1,0,0,0
01109,"006  ","0060806","ホッカイドウ","サッポロシテイネク","シンハッサム6ジョウ","北海道","札幌市手稲区","新発寒六条",0,0,1,0,0,0
01109,"006  ","0060807","ホッカイドウ","サッポロシテイネク","シンハッサム7ジョウ","北海道","札幌市手稲区","新発寒七条",0,0,1,0,0,0
01109,"006  ","0060039","ホッカイドウ","サッポロシテイネク","テイネイナホ","北海道","札幌市手稲区","手稲稲穂",0,0,0,0,0,0
01109,"006  ","0060049","ホッカイドウ","サッポロシテイネク","テイネカナヤマ","北海道","札幌市手稲区","手稲金山",0,0,0,0,0,0
01109,"006  ","0060019","ホッカイドウ","サッポロシテイネク","テイネトミオカ","北海道","札幌市手稲区","手稲富丘",0,0,0,0,0,0
01109,"006  ","0060859","ホッカイドウ","サッポロシテイネク","テイネホシオキ","北海道","札幌市手稲区","手稲星置",0,0,0,0,0,0
01109,"006  ","0060829","ホッカイドウ","サッポロシテイネク","テイネマエダ","北海道","札幌市手稲区","手稲前田",0,0,0,0,0,0
01109,"006  ","0060860","ホッカイドウ","サッポロシテイネク","テイネヤマグチ","北海道","札幌市手稲区","手稲山口",0,0,0,0,0,0
01109,"006  ","0060029","ホッカイドウ","サッポロシテイネク","テイネホンチョウ","北海道","札幌市手稲区","手稲本町",0,0,0,0,0,0
01109,"006  ","0060021","ホッカイドウ","サッポロシテイネク","テイネホンチョウ1ジョウ","北海道","札幌市手稲区","手稲本町一条",0,0,1,0,0,0
01109,"006  ","0060022","ホッカイドウ","サッポロシテイネク","テイネホンチョウ2ジョウ","北海道","札幌市手稲区","手稲本町二条",0,0,1,0,0,0
01109,"006  ","0060023","ホッカイドウ","サッポロシテイネク","テイネホンチョウ3ジョウ","北海道","札幌市手稲区","手稲本町三条",0,0,1,0,0,0
01109,"006  ","0060024","ホッカイドウ","サッポロシテイネク","テイネホンチョウ4ジョウ","北海道","札幌市手稲区","手稲本町四条",0,0,1,0,0,0
01109,"006  ","0060025","ホッカイドウ","サッポロシテイネク","テイネホンチョウ5ジョウ","北海道","札幌市手稲区","手稲本町五条",0,0,1,0,0,0
01109,"006  ","0060026","ホッカイドウ","サッポロシテイネク","テイネホンチョウ6ジョウ","北海道","札幌市手稲区","手稲本町六条",0,0,1,0,0,0
01109,"006  ","0060011","ホッカイドウ","サッポロシテイネク","トミオカ1ジョウ","北海道","札幌市手稲区","富丘一条",0,0,1,0,0,0
01109,"006  ","0060012","ホッカイドウ","サッポロシテイネク","トミオカ2ジョウ","北海道","札幌市手稲区","富丘二条",0,0,1,0,0,0
01109,"006  ","0060013","ホッカイドウ","サッポロシテイネク","トミオカ3ジョウ","北海道","札幌市手稲区","富丘三条",0,0,1,0,0,0
01109,"006  ","0060014","ホッカイドウ","サッポロシテイネク","トミオカ4ジョウ","北海道","札幌市手稲区","富丘四条",0,0,1,0,0,0
01109,"006  ","0060015","ホッカイドウ","サッポロシテイネク","トミオカ5ジョウ","北海道","札幌市手稲区","富丘五条",0,0,1,0,0,0
01109,"006  ","0060016","ホッカイドウ","サッポロシテイネク","トミオカ6ジョウ","北海道","札幌市手稲区","富丘六条",0,0,1,0,0,0
01109,"006  ","0060009","ホッカイドウ","サッポロシテイネク","ニシミヤノサワ","北海道","札幌市手稲区","西宮の沢",0,0,0,0,0,0
01109,"006  ","0060001","ホッカイドウ","サッポロシテイネク","ニシミヤノサワ1ジョウ","北海道","札幌市手稲区","西宮の沢一条",0,0,1,0,0,0
01109,"006  ","0060002","ホッカイドウ","サッポロシテイネク","ニシミヤノサワ2ジョウ","北海道","札幌市手稲区","西宮の沢二条",0,0,1,0,0,0
01109,"006  ","0060003","ホッカイドウ","サッポロシテイネク","ニシミヤノサワ3ジョウ","北海道","札幌市手稲区","西宮の沢三条",0,0,1,0,0,0
01109,"006  ","0060004","ホッカイドウ","サッポロシテイネク","ニシミヤノサワ4ジョウ","北海道","札幌市手稲区","西宮の沢四条",0,0,1,0,0,0
01109,"006  ","0060005","ホッカイドウ","サッポロシテイネク","ニシミヤノサワ5ジョウ","北海道","札幌市手稲区","西宮の沢五条",0,0,1,0,0,0
01109,"006  ","0060006","ホッカイドウ","サッポロシテイネク","ニシミヤノサワ6ジョウ","北海道","札幌市手稲区","西宮の沢六条",0,0,1,0,0,0
01109,"006  ","0060851","ホッカイドウ","サッポロシテイネク","ホシオキ1ジョウ","北海道","札幌市手稲区","星置一条",0,0,1,0,0,0
01109,"006  ","0060852","ホッカイドウ","サッポロシテイネク","ホシオキ2ジョウ","北海道","札幌市手稲区","星置二条",0,0,1,0,0,0
01109,"006  ","0060853","ホッカイドウ","サッポロシテイネク","ホシオキ3ジョウ","北海道","札幌市手稲区","星置三条",0,0,1,0,0,0
01109,"006  ","0060050","ホッカイドウ","サッポロシテイネク","ホシオキミナミ","北海道","札幌市手稲区","星置南",0,0,1,0,0,0
01109,"006  ","0060811","ホッカイドウ","サッポロシテイネク","マエダ1ジョウ","北海道","札幌市手稲区","前田一条",0,0,1,0,0,0
01109,"006  ","0060812","ホッカイドウ","サッポロシテイネク","マエダ2ジョウ","北海道","札幌市手稲区","前田二条",0,0,1,0,0,0
01109,"006  ","0060813","ホッカイドウ","サッポロシテイネク","マエダ3ジョウ","北海道","札幌市手稲区","前田三条",0,0,1,0,0,0
01109,"006  ","0060814","ホッカイドウ","サッポロシテイネク","マエダ4ジョウ","北海道","札幌市手稲区","前田四条",0,0,1,0,0,0
01109,"006  ","0060815","ホッカイドウ","サッポロシテイネク","マエダ5ジョウ","北海道","札幌市手稲区","前田五条",0,0,1,0,0,0
01109,"006  ","0060816","ホッカイドウ","サッポロシテイネク","マエダ6ジョウ","北海道","札幌市手稲区","前田六条",0,0,1,0,0,0
01109,"006  ","0060817","ホッカイドウ","サッポロシテイネク","マエダ7ジョウ","北海道","札幌市手稲区","前田七条",0,0,1,0,0,0
01109,"006  ","0060818","ホッカイドウ","サッポロシテイネク","マエダ8ジョウ","北海道","札幌市手稲区","前田八条",0,0,1,0,0,0
01109,"006  ","0060819","ホッカイドウ","サッポロシテイネク","マエダ9ジョウ","北海道","札幌市手稲区","前田九条",0,0,1,0,0,0
01109,"006  ","0060820","ホッカイドウ","サッポロシテイネク","マエダ10ジョウ","北海道","札幌市手稲区","前田十条",0,0,1,0,0,0
01109,"006  ","0060821","ホッカイドウ","サッポロシテイネク","マエダ11ジョウ","北海道","札幌市手稲区","前田十一条",0,0,1,0,0,0
01109,"006  ","0060822","ホッカイドウ","サッポロシテイネク","マエダ12ジョウ","北海道","札幌市手稲区","前田十二条",0,0,1,0,0,0
01109,"006  ","0060823","ホッカイドウ","サッポロシテイネク","マエダ13ジョウ","北海道","札幌市手稲区","前田十三条",0,0,1,0,0,0
01110,"004  ","0040000","ホッカイドウ","サッポロシキヨタク","イカニケイサイガナイバアイ","北海道","札幌市清田区","以下に掲載がない場合",0,0,0,1,0,0
01110,"004  ","0040821","ホッカイドウ","サッポロシキヨタク","アリアケ","北海道","札幌市清田区","有明",0,0,0,0,0,0
01110,"004  ","0040811","ホッカイドウ","サッポロシキヨタク","ウツクシガオカ1ジョウ","北海道","札幌市清田区","美しが丘一条",0,0,0,0,0,0
01110,"004  ","0040812","ホッカイドウ","サッポロシキヨタク","ウツクシガオカ2ジョウ","北海道","札幌市清田区","美しが丘二条",0,0,0,0,0,0
01110,"004  ","0040813","ホッカイドウ","サッポロシキヨタク","ウツクシガオカ3ジョウ","北海道","札幌市清田区","美しが丘三条",0,0,0,0,0,0
01110,"004  ","0040814","ホッカイドウ","サッポロシキヨタク","ウツクシガオカ4ジョウ","北海道","札幌市清田区","美しが丘四条",0,0,0,0,0,0
01110,"004  ","0040815","ホッカイドウ","サッポロシキヨタク","ウツクシガオカ5ジョウ","北海道","札幌市清田区","美しが丘五条",0,0,0,0,0,0
01110,"004  ","0040861","ホッカイドウ","サッポロシキヨタク","キタノ1ジョウ","北海道","札幌市清田区","北野一条",0,0,0,0,0,0
01110,"004  ","0040862","ホッカイドウ","サッポロシキヨタク","キタノ2ジョウ","北海道","札幌市清田区","北野二条",0,0,0,0,0,0
01110,"004  ","0040863","ホッカイドウ","サッポロシキヨタク","キタノ3ジョウ","北海道","札幌市清田区","北野三条",0,0,0,0,0,0
01110,"004  ","0040864","ホッカイドウ","サッポロシキヨタク","キタノ4ジョウ","北海道","札幌市清田区","北野四条",0,0,0,0,0,0
01110,"004  ","0040865","ホッカイドウ","サッポロシキヨタク","キタノ5ジョウ","北海道","札幌市清田区","北野五条",0,0,0,0,0,0
01110,"004  ","0040866","ホッカイドウ","サッポロシキヨタク","キタノ6ジョウ","北海道","札幌市清田区","北野六条",0,0,0,0,0,0
01110,"004  ","0040867","ホッカイドウ","サッポロシキヨタク","キタノ7ジョウ","北海道","札幌市清田区","北野七条",0,0,0,0,0,0
01110,"004  ","0040859","ホッカイドウ","サッポロシキヨタク","キヨタ","北海道","札幌市清田区","清田",0,0,0,0,0,0
01110,"004  ","0040841","ホッカイドウ","サッポロシキヨタク","キヨタ1ジョウ","北海道","札幌市清田区","清田一条",0,0,0,0,0,0
01110,"004  ","0040842","ホッカイドウ","サッポロシキヨタク","キヨタ2ジョウ","北海道","札幌市清田区","清田二条",0,0,0,0,0,0
01110,"004  ","0040843","ホッカイドウ","サッポロシキヨタク","キヨタ3ジョウ","北海道","札幌市清田区","清田三条",0,0,0,0,0,0
01110,"004  ","0040844","ホッカイドウ","サッポロシキヨタク","キヨタ4ジョウ","北海道","札幌市清田区","清田四条",0,0,0,0,0,0
01110,"004  ","0040845","ホッカイドウ","サッポロシキヨタク","キヨタ5ジョウ","北海道","札幌市清田区","清田五条",0,0,0,0,0,0
01110,"004  ","0040846","ホッカイドウ","サッポロシキヨタク","キヨタ6ジョウ","北海道","札幌市清田区","清田六条",0,0,0,0,0,0
01110,"004  ","0040847","ホッカイドウ","サッポロシキヨタク","キヨタ7ジョウ","北海道","札幌市清田区","清田七条",0,0,0,0,0,0
01110,"004  ","0040848","ホッカイドウ","サッポロシキヨタク","キヨタ8ジョウ","北海道","札幌市清田区","清田八条",0,0,0,0,0,0
01110,"004  ","0040849","ホッカイドウ","サッポロシキヨタク","キヨタ9ジョウ","北海道","札幌市清田区","清田九条",0,0,0,0,0,0
01110,"004  ","0040840","ホッカイドウ","サッポロシキヨタク","キヨタ10ジョウ","北海道","札幌市清田区","清田十条",0,0,1,0,0,0
01110,"004  ","0040809","ホッカイドウ","サッポロシキヨタク","サトヅカ","北海道","札幌市清田区","里塚",0,0,0,0,0,0
01110,"004  ","0040801","ホッカイドウ","サッポロシキヨタク","サトヅカ1ジョウ","北海道","札幌市清田区","里塚一条",0,0,0,0,0,0
01110,"004  ","0040802","ホッカイドウ","サッポロシキヨタク","サトヅカ2ジョウ","北海道","札幌市清田区","里塚二条",0,0,0,0,0,0
01110,"004  ","0040803","ホッカイドウ","サッポロシキヨタク","サトヅカ3ジョウ","北海道","札幌市清田区","里塚三条",0,0,0,0,0,0
01110,"004  ","0040804","ホッカイドウ","サッポロシキヨタク","サトヅカ4ジョウ","北海道","札幌市清田区","里塚四条",0,0,0,0,0,0
01110,"004  ","0040805","ホッカイドウ","サッポロシキヨタク","サトヅカミドリガオカ","北海道","札幌市清田区","里塚緑ケ丘",0,0,0,0,0,0
01110,"004  ","0040839","ホッカイドウ","サッポロシキヨタク","シンエイ","北海道","札幌市清田区","真栄",0,0,0,0,0,0
01110,"004  ","0040831","ホッカイドウ","サッポロシキヨタク","シンエイ1ジョウ","北海道","札幌市清田区","真栄一条",0,0,0,0,0,0
01110,"004  ","0040832","ホッカイドウ","サッポロシキヨタク","シンエイ2ジョウ","北海道","札幌市清田区","真栄二条",0,0,0,0,0,0
01110,"004  ","0040833","ホッカイドウ","サッポロシキヨタク","シンエイ3ジョウ","北海道","札幌市清田区","真栄三条",0,0,0,0,0,0
01110,"004  ","0040834","ホッカイドウ","サッポロシキヨタク","シンエイ4ジョウ","北海道","札幌市清田区","真栄四条",0,0,0,0,0,0
01110,"004  ","0040835","ホッカイドウ","サッポロシキヨタク","シンエイ5ジョウ","北海道","札幌市清田区","真栄五条",0,0,0,0,0,0
01110,"004  ","0040836","ホッカイドウ","サッポロシキヨタク","シンエイ6ジョウ","北海道","札幌市清田区","真栄六条",0,0,0,0,0,0
01110,"004  ","0040889","ホッカイドウ","サッポロシキヨタク","ヒラオカ","北海道","札幌市清田区","平岡",0,0,0,0,0,0
01110,"004  ","0040871","ホッカイドウ","サッポロシキヨタク","ヒラオカ1ジョウ","北海道","札幌市清田区","平岡一条",0,0,0,0,0,0
01110,"004  ","0040872","ホッカイドウ","サッポロシキヨタク","ヒラオカ2ジョウ","北海道","札幌市清田区","平岡二条",0,0,0,0,0,0
01110,"004  ","0040873","ホッカイドウ","サッポロシキヨタク","ヒラオカ3ジョウ","北海道","札幌市清田区","平岡三条",0,0,0,0,0,0
01110,"004  ","0040874","ホッカイドウ","サッポロシキヨタク","ヒラオカ4ジョウ","北海道","札幌市清田区","平岡四条",0,0,0,0,0,0
01110,"004  ","0040875","ホッカイドウ","サッポロシキヨタク","ヒラオカ5ジョウ","北海道","札幌市清田区","平岡五条",0,0,0,0,0,0
01110,"004  ","0040876","ホッカイドウ","サッポロシキヨタク","ヒラオカ6ジョウ","北海道","札幌市清田区","平岡六条",0,0,0,0,0,0
01110,"004  ","0040877","ホッカイドウ","サッポロシキヨタク","ヒラオカ7ジョウ","北海道","札幌市清田区","平岡七条",0,0,0,0,0,0
01110,"004  ","0040878","ホッカイドウ","サッポロシキヨタク","ヒラオカ8ジョウ","北海道","札幌市清田区","平岡八条",0,0,0,0,0,0
01110,"004  ","0040879","ホッカイドウ","サッポロシキヨタク","ヒラオカ9ジョウ","北海道","札幌市清田区","平岡九条",0,0,0,0,0,0
01110,"004  ","0040880","ホッカイドウ","サッポロシキヨタク","ヒラオカ10ジョウ","北海道","札幌市清田区","平岡十条",0,0,0,0,0,0
01110,"004  ","0040881","ホッカイドウ","サッポロシキヨタク","ヒラオカコウエン","北海道","札幌市清田区","平岡公園",0,0,0,0,0,0
01110,"004  ","0040882","ホッカイドウ","サッポロシキヨタク","ヒラオカコウエンヒガシ","北海道","札幌市清田区","平岡公園東",0,0,0,0,0,0
01202,"040  ","0400000","ホッカイドウ","ハコダテシ","イカニケイサイガナイバアイ","北海道","函館市","以下に掲載がない場合",0,0,0,0,0,0
01202,"040  ","0400044","ホッカイドウ","ハコダテシ","アオヤギチョウ","北海道","函館市","青柳町",0,0,0,0,0,0
01202,"041  ","0410805","ホッカイドウ","ハコダテシ","アカガワ","北海道","函館市","赤川",0,0,1,0,0,0
01202,"041  ","0410804","ホッカイドウ","ハコダテシ","アカガワチョウ","北海道","函館市","赤川町",0,0,0,0,0,0
01202,"042  ","0420913","ホッカイドウ","ハコダテシ","アカサカチョウ","北海道","函館市","赤坂町",0,0,0,0,0,0
01202,"040  ","0400076","ホッカイドウ","ハコダテシ","アサノチョウ","北海道","函館市","浅野町",0,0,0,0,0,0
01202,"042  ","0420916","ホッカイドウ","ハコダテシ","アサヒオカチョウ","北海道","函館市","旭岡町",0,0,0,0,0,0
01202,"040  ","0400037","ホッカイドウ","ハコダテシ","アサヒチョウ","北海道","函館市","旭町",0,0,0,0,0,0
01202,"042  ","0420904","ホッカイドウ","ハコダテシ","イオハラチョウ","北海道","函館市","庵原町",0,0,0,0,0,0
01202,"041  ","0410802","ホッカイドウ","ハコダテシ","イシカワチョウ","北海道","函館市","石川町",0,0,0,0,0,0
01202,"042  ","0420911","ホッカイドウ","ハコダテシ","イシクラチョウ","北海道","函館市","石倉町",0,0,0,0,0,0
01202,"04102","0410261","ホッカイドウ","ハコダテシ","イシザキチョウ","北海道","函館市","石崎町",0,0,0,0,0,0
01202,"040  ","0400057","ホッカイドウ","ハコダテシ","イリフネチョウ","北海道","函館市","入舟町",0,0,0,0,0,0
01202,"04116","0411624","ホッカイドウ","ハコダテシ","イワトチョウ","北海道","函館市","岩戸町",0,0,0,0,0,0
01202,"042  ","0420954","ホッカイドウ","ハコダテシ","ウエノチョウ","北海道","函館市","上野町",0,0,0,0,0,0
01202,"040  ","0400023","ホッカイドウ","ハコダテシ","ウガウラチョウ","北海道","函館市","宇賀浦町",0,0,0,0,0,0
01202,"04116","0411613","ホッカイドウ","ハコダテシ","ウスジリチョウ","北海道","函館市","臼尻町",0,0,0,0,0,0
01202,"04106","0410613","ホッカイドウ","ハコダテシ","エガミヤマチョウ","北海道","函館市","絵紙山町",0,0,0,0,0,0
01202,"04105","0410522","ホッカイドウ","ハコダテシ","エサンチョウ","北海道","函館市","恵山町",0,0,0,0,0,0
01202,"04106","0410605","ホッカイドウ","ハコダテシ","エサンミサキチョウ","北海道","函館市","恵山岬町",0,0,0,0,0,0
01202,"042  ","0420931","ホッカイドウ","ハコダテシ","エノモトチョウ","北海道","函館市","榎本町",0,0,0,0,0,0
01202,"040  ","0400071","ホッカイドウ","ハコダテシ","オイワケチョウ","北海道","函館市","追分町",0,0,0,0,0,0
01202,"040  ","0400084","ホッカイドウ","ハコダテシ","オオカワチョウ","北海道","函館市","大川町",0,0,0,0,0,0
01202,"040  ","0400064","ホッカイドウ","ハコダテシ","オオテマチ","北海道","函館市","大手町",0,0,0,0,0,0
01202,"040  ","0400062","ホッカイドウ","ハコダテシ","オオナワチョウ","北海道","函館市","大縄町",0,0,0,0,0,0
01202,"04116","0411622","ホッカイドウ","ハコダテシ","オオフネチョウ","北海道","函館市","大船町",0,0,0,0,0,0
01202,"040  ","0400052","ホッカイドウ","ハコダテシ","オオマチ","北海道","函館市","大町",0,0,0,0,0,0
01202,"04104","0410403","ホッカイドウ","ハコダテシ","オオマチョウ","北海道","函館市","大澗町",0,0,0,0,0,0
01202,"040  ","0400034","ホッカイドウ","ハコダテシ","オオモリチョウ","北海道","函館市","大森町",0,0,0,0,0,0
01202,"04116","0411603","ホッカイドウ","ハコダテシ","オサツベチョウ","北海道","函館市","尾札部町",0,0,0,0,0,0
01202,"04102","0410251","ホッカイドウ","ハコダテシ","オヤスチョウ","北海道","函館市","小安町",0,0,0,0,0,0
01202,"04102","0410253","ホッカイドウ","ハコダテシ","オヤスヤマチョウ","北海道","函館市","小安山町",0,0,0,0,0,0
01202,"040  ","0400061","ホッカイドウ","ハコダテシ","カイガンチョウ","北海道","函館市","海岸町",0,0,0,0,0,0
01202,"042  ","0420942","ホッカイドウ","ハコダテシ","カシワギチョウ","北海道","函館市","柏木町",0,0,0,0,0,0
01202,"04105","0410523","ホッカイドウ","ハコダテシ","カシワノチョウ","北海道","函館市","柏野町",0,0,0,0,0,0
01202,"041  ","0410852","ホッカイドウ","ハコダテシ","カジ","北海道","函館市","鍛治",0,0,1,0,0,0
01202,"04116","0411611","ホッカイドウ","ハコダテシ","カックミチョウ","北海道","函館市","川汲町",0,0,0,0,0,0
01202,"042  ","0420944","ホッカイドウ","ハコダテシ","カナホリチョウ","北海道","函館市","金堀町",0,0,0,0,0,0
01202,"042  ","0420901","ホッカイドウ","ハコダテシ","ガビノチョウ","北海道","函館市","蛾眉野町",0,0,0,0,0,0
01202,"04102","0410252","ホッカイドウ","ハコダテシ","カマヤチョウ","北海道","函館市","釜谷町",0,0,0,0,0,0
01202,"040  ","0400031","ホッカイドウ","ハコダテシ","カミシンカワチョウ","北海道","函館市","上新川町",0,0,0,0,0,0
01202,"041  ","0410832","ホッカイドウ","ハコダテシ","カミヤマ","北海道","函館市","神山",0,0,1,0,0,0
01202,"041  ","0410831","ホッカイドウ","ハコダテシ","カミヤマチョウ","北海道","函館市","神山町",0,0,0,0,0,0
01202,"042  ","0420914","ホッカイドウ","ハコダテシ","カミユノカワチョウ","北海道","函館市","上湯川町",0,0,0,0,0,0
01202,"042  ","0420917","ホッカイドウ","ハコダテシ","カメオチョウ","北海道","函館市","亀尾町",0,0,0,0,0,0
01202,"041  ","0410803","ホッカイドウ","ハコダテシ","カメダナカノチョウ","北海道","函館市","亀田中野町",0,0,0,0,0,0
01202,"041  ","0410813","ホッカイドウ","ハコダテシ","カメダホンチョウ","北海道","函館市","亀田本町",0,0,0,0,0,0
01202,"041  ","0410822","ホッカイドウ","ハコダテシ","カメダミナトチョウ","北海道","函館市","亀田港町",0,0,0,0,0,0
01202,"040  ","0400072","ホッカイドウ","ハコダテシ","カメダマチ","北海道","函館市","亀田町",0,0,0,0,0,0
01202,"04104","0410405","ホッカイドウ","ハコダテシ","カワカミチョウ","北海道","函館市","川上町",0,0,0,0,0,0
01202,"041  ","0410844","ホッカイドウ","ハコダテシ","カワハラチョウ","北海道","函館市","川原町",0,0,0,0,0,0
01202,"041  ","0410808","ホッカイドウ","ハコダテシ","キキョウ","北海道","函館市","桔梗",0,0,1,0,0,0
01202,"041  ","0410801","ホッカイドウ","ハコダテシ","キキョウチョウ","北海道","函館市","桔梗町",0,0,0,0,0,0
01202,"040  ","0400078","ホッカイドウ","ハコダテシ","キタハマチョウ","北海道","函館市","北浜町",0,0,0,0,0,0
01202,"041  ","0410807","ホッカイドウ","ハコダテシ","キタミハラ","北海道","函館市","北美原",0,0,1,0,0,0
01202,"04104","0410408","ホッカイドウ","ハコダテシ","キチハタチョウ","北海道","函館市","吉畑町",0,0,0,0,0,0
01202,"04116","0411602","ホッカイドウ","ハコダテシ","キナオシチョウ","北海道","函館市","木直町",0,0,0,0,0,0
01202,"04105","0410524","ホッカイドウ","ハコダテシ","コブイチョウ","北海道","函館市","古武井町",0,0,0,0,0,0
01202,"042  ","0420935","ホッカイドウ","ハコダテシ","コマバチョウ","北海道","函館市","駒場町",0,0,0,0,0,0
01202,"040  ","0400001","ホッカイドウ","ハコダテシ","ゴリョウカクチョウ","北海道","函館市","五稜郭町",0,0,0,0,0,0
01202,"040  ","0400041","ホッカイドウ","ハコダテシ","サカエチョウ","北海道","函館市","栄町",0,0,0,0,0,0
01202,"04103","0410301","ホッカイドウ","ハコダテシ","シオクビチョウ","北海道","函館市","汐首町",0,0,0,0,0,0
01202,"040  ","0400036","ホッカイドウ","ハコダテシ","シノノメチョウ","北海道","函館市","東雲町",0,0,0,0,0,0
01202,"042  ","0420923","ホッカイドウ","ハコダテシ","シノリチョウ","北海道","函館市","志海苔町",0,0,0,0,0,0
01202,"04106","0410602","ホッカイドウ","ハコダテシ","シマドマリチョウ","北海道","函館市","島泊町",0,0,0,0,0,0
01202,"041  ","0410812","ホッカイドウ","ハコダテシ","ショウワ","北海道","函館市","昭和",0,0,1,0,0,0
01202,"041  ","0410823","ホッカイドウ","ハコダテシ","ショウワチョウ","北海道","函館市","昭和町",0,0,0,0,0,0
01202,"040  ","0400082","ホッカイドウ","ハコダテシ","シラトリチョウ","北海道","函館市","白鳥町",0,0,0,0,0,0
01202,"04102","0410265","ホッカイドウ","ハコダテシ","シロイシチョウ","北海道","函館市","白石町",0,0,0,0,0,0
01202,"04106","0410606","ホッカイドウ","ハコダテシ","シンエサンチョウ","北海道","函館市","新恵山町",0,0,0,0,0,0
01202,"040  ","0400032","ホッカイドウ","ハコダテシ","シンカワチョウ","北海道","函館市","新川町",0,0,0,0,0,0
01202,"041  ","0410837","ホッカイドウ","ハコダテシ","ジンカワ","北海道","函館市","陣川",0,0,1,0,0,0
01202,"041  ","0410833","ホッカイドウ","ハコダテシ","ジンカワチョウ","北海道","函館市","陣川町",0,0,0,0,0,0
01202,"04106","0410601","ホッカイドウ","ハコダテシ","シンハチマンチョウ","北海道","函館市","新八幡町",0,0,0,0,0,0
01202,"04106","0410611","ホッカイドウ","ハコダテシ","シンハマチョウ","北海道","函館市","新浜町",0,0,0,0,0,0
01202,"04103","0410312","ホッカイドウ","ハコダテシ","シンフタミチョウ","北海道","函館市","新二見町",0,0,0,0,0,0
01202,"042  ","0420921","ホッカイドウ","ハコダテシ","シンミナトチョウ","北海道","函館市","新湊町",0,0,0,0,0,0
01202,"040  ","0400053","ホッカイドウ","ハコダテシ","スエヒロチョウ","北海道","函館市","末広町",0,0,0,0,0,0
01202,"040  ","0400004","ホッカイドウ","ハコダテシ","スギナミチョウ","北海道","函館市","杉並町",0,0,0,0,0,0
01202,"042  ","0420958","ホッカイドウ","ハコダテシ","スズランオカチョウ","北海道","函館市","鈴蘭丘町",0,0,0,0,0,0
01202,"040  ","0400045","ホッカイドウ","ハコダテシ","スミヨシチョウ","北海道","函館市","住吉町",0,0,0,0,0,0
01202,"04103","0410302","ホッカイドウ","ハコダテシ","セタライチョウ","北海道","函館市","瀬田来町",0,0,0,0,0,0
01202,"042  ","0420951","ホッカイドウ","ハコダテシ","セトガワチョウ","北海道","函館市","瀬戸川町",0,0,0,0,0,0
01202,"042  ","0420922","ホッカイドウ","ハコダテシ","ゼニカメチョウ","北海道","函館市","銭亀町",0,0,0,0,0,0
01202,"042  ","0420955","ホッカイドウ","ハコダテシ","タカオカチョウ","北海道","函館市","高丘町",0,0,0,0,0,0
01202,"04105","0410526","ホッカイドウ","ハコダテシ","タカダイチョウ","北海道","函館市","高岱町",0,0,0,0,0,0
01202,"042  ","0420952","ホッカイドウ","ハコダテシ","タカマツチョウ","北海道","函館市","高松町",0,0,0,0,0,0
01202,"040  ","0400024","ホッカイドウ","ハコダテシ","タカモリチョウ","北海道","函館市","高盛町",0,0,0,0,0,0
01202,"042  ","0420957","ホッカイドウ","ハコダテシ","タキサワチョウ","北海道","函館市","滝沢町",0,0,0,0,0,0
01202,"04103","0410305","ホッカイドウ","ハコダテシ","タテマチ","北海道","函館市","館町",0,0,0,0,0,0
01202,"040  ","0400081","ホッカイドウ","ハコダテシ","タヤチョウ","北海道","函館市","田家町",0,0,0,0,0,0
01202,"040  ","0400033","ホッカイドウ","ハコダテシ","チトセチョウ","北海道","函館市","千歳町",0,0,0,0,0,0
01202,"04106","0410612","ホッカイドウ","ハコダテシ","チョウシチョウ","北海道","函館市","銚子町",0,0,0,0,0,0
01202,"040  ","0400013","ホッカイドウ","ハコダテシ","チヨガダイチョウ","北海道","函館市","千代台町",0,0,0,0,0,0
01202,"04102","0410264","ホッカイドウ","ハコダテシ","ツルノチョウ","北海道","函館市","鶴野町",0,0,0,0,0,0
01202,"042  ","0420902","ホッカイドウ","ハコダテシ","テツザンチョウ","北海道","函館市","鉄山町",0,0,0,0,0,0
01202,"042  ","0420908","ホッカイドウ","ハコダテシ","ドウザンチョウ","北海道","函館市","銅山町",0,0,0,0,0,0
01202,"040  ","0400012","ホッカイドウ","ハコダテシ","トキトウチョウ","北海道","函館市","時任町",0,0,0,0,0,0
01202,"042  ","0420953","ホッカイドウ","ハコダテシ","トクラチョウ","北海道","函館市","戸倉町",0,0,0,0,0,0
01202,"04103","0410304","ホッカイドウ","ハコダテシ","トマリマチ","北海道","函館市","泊町",0,0,0,0,0,0
01202,"04106","0410603","ホッカイドウ","ハコダテシ","トミウラチョウ","北海道","函館市","富浦町",0,0,0,0,0,0
01202,"041  ","0410811","ホッカイドウ","ハコダテシ","トミオカチョウ","北海道","函館市","富岡町",0,0,1,0,0,0
01202,"04104","0410402","ホッカイドウ","ハコダテシ","トヨウラチョウ","北海道","函館市","豊浦町",0,0,0,0,0,0
01202,"040  ","0400065","ホッカイドウ","ハコダテシ","トヨカワチョウ","北海道","函館市","豊川町",0,0,0,0,0,0
01202,"04116","0411621","ホッカイドウ","ハコダテシ","トヨサキチョウ","北海道","函館市","豊崎町",0,0,0,0,0,0
01202,"04102","0410263","ホッカイドウ","ハコダテシ","トヨハラチョウ","北海道","函館市","豊原町",0,0,0,0,0,0
01202,"040  ","0400014","ホッカイドウ","ハコダテシ","ナカジマチョウ","北海道","函館市","中島町",0,0,0,0,0,0
01202,"042  ","0420912","ホッカイドウ","ハコダテシ","ナカノチョウ","北海道","函館市","中野町",0,0,0,0,0,0
01202,"04104","0410404","ホッカイドウ","ハコダテシ","ナカハマチョウ","北海道","函館市","中浜町",0,0,0,0,0,0
01202,"041  ","0410853","ホッカイドウ","ハコダテシ","ナカミチ","北海道","函館市","中道",0,0,1,0,0,0
01202,"042  ","0420915","ホッカイドウ","ハコダテシ","ニシアサヒオカチョウ","北海道","函館市","西旭岡町",0,0,1,0,0,0
01202,"041  ","0410824","ホッカイドウ","ハコダテシ","ニシキキョウチョウ","北海道","函館市","西桔梗町",0,0,0,0,0,0
01202,"042  ","0420924","ホッカイドウ","ハコダテシ","ネサキチョウ","北海道","函館市","根崎町",0,0,0,0,0,0
01202,"042  ","0420943","ホッカイドウ","ハコダテシ","ノギマチ","北海道","函館市","乃木町",0,0,0,0,0,0
01202,"040  ","0400083","ホッカイドウ","ハコダテシ","ハチマンチョウ","北海道","函館市","八幡町",0,0,0,0,0,0
01202,"041  ","0410843","ホッカイドウ","ハコダテシ","ハナゾノチョウ","北海道","函館市","花園町",0,0,0,0,0,0
01202,"04103","0410311","ホッカイドウ","ハコダテシ","ハマチョウ","北海道","函館市","浜町",0,0,0,0,0,0
01202,"04103","0410313","ホッカイドウ","ハコダテシ","ハラキチョウ","北海道","函館市","原木町",0,0,0,0,0,0
01202,"040  ","0400075","ホッカイドウ","ハコダテシ","バンダイチョウ","北海道","函館市","万代町",0,0,0,0,0,0
01202,"04104","0410401","ホッカイドウ","ハコダテシ","ヒウラチョウ","北海道","函館市","日浦町",0,0,0,0,0,0
01202,"040  ","0400042","ホッカイドウ","ハコダテシ","ヒガシカワチョウ","北海道","函館市","東川町",0,0,0,0,0,0
01202,"042  ","0420903","ホッカイドウ","ハコダテシ","ヒガシハタチョウ","北海道","函館市","東畑町",0,0,0,0,0,0
01202,"041  ","0410835","ホッカイドウ","ハコダテシ","ヒガシヤマ","北海道","函館市","東山",0,0,1,0,0,0
01202,"041  ","0410834","ホッカイドウ","ハコダテシ","ヒガシヤマチョウ","北海道","函館市","東山町",0,0,0,0,0,0
01202,"040  ","0400005","ホッカイドウ","ハコダテシ","ヒトミチョウ","北海道","函館市","人見町",0,0,0,0,0,0
01202,"040  ","0400022","ホッカイドウ","ハコダテシ","ヒノデチョウ","北海道","函館市","日乃出町",0,0,0,0,0,0
01202,"04105","0410525","ホッカイドウ","ハコダテシ","ヒノハマチョウ","北海道","函館市","日ノ浜町",0,0,0,0,0,0
01202,"041  ","0410841","ホッカイドウ","ハコダテシ","ヒヨシチョウ","北海道","函館市","日吉町",0,0,1,0,0,0
01202,"04104","0410407","ホッカイドウ","ハコダテシ","ヒヨリヤマチョウ","北海道","函館市","日和山町",0,0,0,0,0,0
01202,"042  ","0420934","ホッカイドウ","ハコダテシ","ヒロノチョウ","北海道","函館市","広野町",0,0,0,0,0,0
01202,"042  ","0420941","ホッカイドウ","ハコダテシ","フカボリチョウ","北海道","函館市","深堀町",0,0,0,0,0,0
01202,"04116","0411623","ホッカイドウ","ハコダテシ","フタミチョウ","北海道","函館市","双見町",0,0,0,0,0,0
01202,"040  ","0400055","ホッカイドウ","ハコダテシ","フナミチョウ","北海道","函館市","船見町",0,0,0,0,0,0
01202,"04102","0410262","ホッカイドウ","ハコダテシ","フルカワチョウ","北海道","函館市","古川町",0,0,0,0,0,0
01202,"04116","0411601","ホッカイドウ","ハコダテシ","フルベチョウ","北海道","函館市","古部町",0,0,0,0,0,0
01202,"04103","0410303","ホッカイドウ","ハコダテシ","ベンザイチョウ","北海道","函館市","弁才町",0,0,0,0,0,0
01202,"040  ","0400051","ホッカイドウ","ハコダテシ","ベンテンチョウ","北海道","函館市","弁天町",0,0,0,0,0,0
01202,"040  ","0400043","ホッカイドウ","ハコダテシ","ホウライチョウ","北海道","函館市","宝来町",0,0,0,0,0,0
01202,"040  ","0400025","ホッカイドウ","ハコダテシ","ホリカワチョウ","北海道","函館市","堀川町",0,0,0,0,0,0
01202,"040  ","0400011","ホッカイドウ","ハコダテシ","ホンチョウ","北海道","函館市","本町",0,0,0,0,0,0
01202,"041  ","0410851","ホッカイドウ","ハコダテシ","ホンドオリ","北海道","函館市","本通",0,0,1,0,0,0
01202,"042  ","0420918","ホッカイドウ","ハコダテシ","マイハラチョウ","北海道","函館市","米原町",0,0,0,0,0,0
01202,"042  ","0420907","ホッカイドウ","ハコダテシ","マスカワチョウ","北海道","函館市","鱒川町",0,0,0,0,0,0
01202,"040  ","0400003","ホッカイドウ","ハコダテシ","マツカゲチョウ","北海道","函館市","松陰町",0,0,0,0,0,0
01202,"040  ","0400035","ホッカイドウ","ハコダテシ","マツカゼチョウ","北海道","函館市","松風町",0,0,0,0,0,0
01202,"040  ","0400074","ホッカイドウ","ハコダテシ","マツカワチョウ","北海道","函館市","松川町",0,0,0,0,0,0
01202,"040  ","0400021","ホッカイドウ","ハコダテシ","マトバチョウ","北海道","函館市","的場町",0,0,0,0,0,0
01202,"04103","0410306","ホッカイドウ","ハコダテシ","マルヤマチョウ","北海道","函館市","丸山町",0,0,0,0,0,0
01202,"04105","0410521","ホッカイドウ","ハコダテシ","ミサキチョウ","北海道","函館市","御崎町",0,0,0,0,0,0
01202,"042  ","0420906","ホッカイドウ","ハコダテシ","ミツモリチョウ","北海道","函館市","三森町",0,0,0,0,0,0
01202,"041  ","0410821","ホッカイドウ","ハコダテシ","ミナトチョウ","北海道","函館市","港町",0,0,1,0,0,0
01202,"041  ","0410806","ホッカイドウ","ハコダテシ","ミハラ","北海道","函館市","美原",0,0,1,0,0,0
01202,"042  ","0420956","ホッカイドウ","ハコダテシ","ミハラシチョウ","北海道","函館市","見晴町",0,0,0,0,0,0
01202,"040  ","0400073","ホッカイドウ","ハコダテシ","ミヤマエチョウ","北海道","函館市","宮前町",0,0,0,0,0,0
01202,"04104","0410406","ホッカイドウ","ハコダテシ","メナガワチョウ","北海道","函館市","女那川町",0,0,0,0,0,0
01202,"040  ","0400054","ホッカイドウ","ハコダテシ","モトマチ","北海道","函館市","元町",0,0,0,0,0,0
01202,"04106","0410604","ホッカイドウ","ハコダテシ","モトムラチョウ","北海道","函館市","元村町",0,0,0,0,0,0
01202,"042  ","0420905","ホッカイドウ","ハコダテシ","モミジヤマチョウ","北海道","函館市","紅葉山町",0,0,0,0,0,0
01202,"04116","0411612","ホッカイドウ","ハコダテシ","ヤスウラチョウ","北海道","函館市","安浦町",0,0,0,0,0,0
01202,"040  ","0400046","ホッカイドウ","ハコダテシ","ヤチガシラチョウ","北海道","函館市","谷地頭町",0,0,0,0,0,0
01202,"040  ","0400015","ホッカイドウ","ハコダテシ","ヤナガワチョウ","北海道","函館市","梁川町",0,0,0,0,0,0
01202,"040  ","0400002","ホッカイドウ","ハコダテシ","ヤナギマチ","北海道","函館市","柳町",0,0,0,0,0,0
01202,"041  ","0410836","ホッカイドウ","ハコダテシ","ヤマノテ","北海道","函館市","山の手",0,0,1,0,0,0
01202,"040  ","0400056","ホッカイドウ","ハコダテシ","ヤヨイチョウ","北海道","函館市","弥生町",0,0,0,0,0,0
01202,"042  ","0420932","ホッカイドウ","ハコダテシ","ユノカワチョウ","北海道","函館市","湯川町",0,0,1,0,0,0
01202,"042  ","0420933","ホッカイドウ","ハコダテシ","ユノハマチョウ","北海道","函館市","湯浜町",0,0,0,0,0,0
01202,"040  ","0400077","ホッカイドウ","ハコダテシ","ヨシカワチョウ","北海道","函館市","吉川町",0,0,0,0,0,0
01202,"040  ","0400063","ホッカイドウ","ハコダテシ","ワカマツチョウ","北海道","函館市","若松町",0,0,0,0,0,0
01203,"047  ","0470000","ホッカイドウ","オタルシ","イカニケイサイガナイバアイ","北海道","小樽市","以下に掲載がない場合",0,0,0,0,0,0
01203,"047  ","0470028","ホッカイドウ","オタルシ","アイオイチョウ","北海道","小樽市","相生町",0,0,0,0,0,0
01203,"047  ","0470046","ホッカイドウ","オタルシ","アカイワ","北海道","小樽市","赤岩",0,0,1,0,0,0
01203,"047  ","0470035","ホッカイドウ","オタルシ","アサヒマチ","北海道","小樽市","旭町",0,0,0,0,0,0
01203,"04701","0470151","ホッカイドウ","オタルシ","アサリ","北海道","小樽市","朝里",0,0,1,0,0,0
01203,"04701","0470154","ホッカイドウ","オタルシ","アサリガワオンセン","北海道","小樽市","朝里川温泉",0,0,1,0,0,0
01203,"047  ","0470006","ホッカイドウ","オタルシ","アリホロチョウ","北海道","小樽市","有幌町",0,0,0,0,0,0
01203,"047  ","0470038","ホッカイドウ","オタルシ","イシヤマチョウ","北海道","小樽市","石山町",0,0,0,0,0,0
01203,"047  ","0470032","ホッカイドウ","オタルシ","イナホ","北海道","小樽市","稲穂",0,0,1,0,0,0